"Name","Latitude","Longitude","Elevation","X","Y","Z"
"SAVU00FIN","67.9608","28.9558","265.0850","2100286.7560","1162091.4175","5889701.0339"
"FFMJ00DEU","50.0906","8.6650","178.2727","4053455.7000","617729.9000","4869395.9000"
"BRMG00DEU","47.9077","7.6329","261.6047","4245557.1000","568958.1000","4710200.0000"
"CTAB00CZE","49.4098","14.6802","496.2422","4022510.2970","1053801.6085","4820712.2188"
"VAAS00FIN","62.9612","21.7706","58.0537","2699864.6372","1078263.8254","5658064.6709"
"OBE400DEU","48.0848","11.2779","650.5652","4186704.4300","834903.5830","4723664.8570"
"GOR200DEU","53.0497","11.3496","61.7258","3767159.9000","756145.2000","5073920.1000"
"TUO200FIN","60.4158","22.4433","59.3315","2917813.2791","1205216.1639","5523548.7317"
"CMEL00ITA","43.9580","8.1701","267.6987","4552236.6068","653558.9976","4404916.1231"
"PASA00ESP","43.3218","-1.9315","67.3838","4644909.4308","-156645.6090","4353622.6674"
"ARIS00GBR","56.9096","-5.8495","61.3243","3472288.7109","-355730.7475","5320461.0060"
"ORIV00FIN","61.6163","24.2117","155.7425","2772556.5811","1246719.2413","5588449.2320"
"NYA200NOR","78.9303","11.8586","81.4751","1202379.3100","252474.6543","6237786.5417"
"MAH100IRL","53.3263","-9.9008","79.6618","3760811.3618","-656417.5530","5092375.9818"
"TUBI00TUR","40.7867","29.4507","221.8379","4211318.5222","2377865.7588","4144664.4557"
"TERU00ESP","40.3505","-1.1243","956.1741","4867391.6750","-95523.9180","4108341.2560"
"OSK600SWE","57.0657","15.9969","150.1906","3341336.3626","957914.5626","5330005.7016"
"MALL00ESP","39.5526","2.6246","62.0461","4919369.6850","225499.5840","4039849.5920"
"LDB200DEU","52.2091","14.1209","159.4898","3798344.7000","955553.3000","5017221.9000"
"KRAW00POL","50.0661","19.9205","264.4306","3856933.4783","1397750.4819","4867718.0353"
"ASGA00CYP","34.7860","33.2488","242.2953","4385720.7776","2875270.2525","3618529.3504"
"TREU00ITA","46.0674","11.1446","388.6095","4349598.7257","856875.9047","4570727.8989"
"FRA200UKR","48.9179","24.7103","302.3590","3814979.6107","1755525.6253","4784794.7137"
"BFST00GBR","54.6485","-6.0063","389.0030","3678499.5548","-387036.5477","5179157.3269"
"SPT000SWE","57.7150","12.8913","219.9217","3328984.8157","761910.0669","5369033.4806"
"WSRT00NLD","52.9146","6.6045","82.2800","3828736.1381","443304.7367","5064884.5110"
"SHOE00GBR","51.5548","0.8270","48.9514","3973492.9909","57357.8721","4972192.8911"
"KEV200FIN","69.7559","27.0071","136.3338","1972152.8785","1005171.2703","5961801.4875"
"HETT00FIN","68.4067","23.6653","403.5845","2156253.2226","944971.0584","5908310.5253"
"USDL00POL","49.4329","22.5858","529.7514","3837558.2233","1596303.0315","4822409.6403"
"SABA00SRB","44.7596","19.6967","140.8989","4271111.9056","1529000.3236","4468514.4317"
"YEBE00ESP","40.5249","-3.0886","972.7643","4848724.9050","-261632.4930","4123093.9010"
"VIS000SWE","57.6539","18.3673","79.7806","3246470.5568","1077900.3114","5365277.8949"
"BORJ00DEU","53.5789","6.6664","53.0424","3769402.8000","440564.5000","5109099.2000"
"MOPS00ITA","44.6294","10.9492","92.1916","4463919.6477","863590.6138","4458193.7249"
"BRUX00BEL","50.7981","4.3586","158.1373","4027881.8468","306998.2610","4919498.6524"
"HEL200DEU","54.1863","7.8765","92.1823","3705182.8000","512590.0000","5148980.9000"
"SKE800SWE","64.8792","21.0481","81.2267","2534032.8752","975167.9315","5752078.7180"
"ILDX00FRA","46.0094","-1.1768","59.0261","4436671.2710","-91138.3760","4566017.8550"
"KRS100TUR","40.5885","43.0934","1811.7797","3542999.8373","3314720.2023","4129002.5312"
"DEVA00ROU","45.8784","22.9135","246.7372","4097210.9145","1731870.1945","4556026.6136"
"PADO00ITA","45.4112","11.8961","64.6674","4388882.2550","924567.2010","4519588.5109"
"GENO00ITA","44.4194","8.9211","155.5300","4507892.2461","707621.5731","4441603.5660"
"VIL000SWE","64.6978","16.5599","449.9468","2620258.8900","779137.9788","5743799.2749"
"LICC00GBR","51.4998","-0.1748","88.6598","3978703.5690","-12141.0380","4968417.2180"
"VALE00ESP","39.4808","-0.3377","77.5655","4929534.0240","-29050.6940","4033709.9000"
"JOZE00POL","52.0973","21.0315","141.0507","3664939.6857","1409153.9908","5009571.1962"
"CACE00ESP","39.4789","-6.3418","436.5075","4899866.8030","-544567.6029","4033769.7670"
"MATG00ITA","40.6490","16.7046","535.7279","4641953.1013","1393062.4794","4133277.9092"
"LIDA00BLR","53.8906","25.3039","189.3325","3405722.0242","1610159.5850","5129732.1013"
"GOPE00CZE","49.9137","14.7856","592.6113","3979316.4389","1050312.2534","4857066.9036"
"LEK600SWE","60.7222","14.8771","477.6888","3022567.2715","802951.3077","5540685.8691"
"TLSG00FRA","43.5497","1.4850","208.3088","4628684.7755","119996.7157","4372109.7032"
"MMET00ITA","40.3897","16.7864","60.3509","4657523.3759","1404985.8901","4111081.2370"
"ELBA00ITA","42.7529","10.2111","271.7566","4616534.1841","831568.3974","4307569.7601"
"SONS00ESP","39.6754","-3.9640","808.9501","4904660.5060","-339868.0460","4050823.4890"
"PMTH00GBR","50.4165","-4.1262","175.5583","4061825.4984","-293021.1983","4892572.1794"
"TEOS00ITA","42.6537","13.7306","428.7954","4564150.5191","1115201.0239","4299578.7899"
"BSVZ00ITA","45.6428","13.8752","440.4361","4336750.6003","1071248.3528","4537895.7424"
"TLMF00FRA","43.5746","1.3751","221.0293","4627010.0510","111069.2090","4374122.8500"
"LIGN00ITA","45.7899","7.4777","1720.0610","4418387.4096","579945.0803","4550229.8545"
"MIK300FIN","61.5741","27.1028","167.1863","2709832.4647","1386860.6069","5586222.6413"
"TOR300EST","58.2644","26.4615","92.8011","3010767.8829","1498585.5034","5401362.1876"
"OVE600SWE","66.3178","22.7734","222.8567","2368886.8630","994496.3299","5818476.6855"
"POTS00DEU","52.3793","13.0661","144.4277","3800689.6341","882077.3857","5028791.3179"
"VIGI00ITA","40.3359","15.9020","905.2155","4682999.4320","1334166.8798","4107070.5816"
"SOFI00BGR","42.5561","23.3947","1119.5911","4319372.3900","1868687.5700","4292063.8000"
"KILP00FIN","68.9416","20.9141","539.5566","2147250.4399","820562.0470","5930136.8782"
"RIO100ESP","42.4642","-2.4261","450.3728","4708447.1820","-199490.8320","4284089.3180"
"CAKO00HRV","46.3871","16.4391","222.0939","4227250.7781","1247280.6213","4595193.3193"
"PUYV00FRA","45.0436","3.8789","710.3443","4504322.3410","305404.9600","4491277.1450"
"BUCU00ROU","44.4639","26.1257","143.2139","4093761.2060","2007793.5760","4445129.7640"
"CAG100ITA","39.2280","9.1101","134.9950","4885053.7742","783346.3262","4012043.3413"
"COBA00ESP","37.9156","-4.7211","202.0727","5021256.0530","-414685.1010","3898182.1690"
"MNSK00BLR","53.9161","27.5659","257.5805","3337519.5888","1742282.5859","5131459.3728"
"IGM200ITA","43.7958","11.2139","94.9163","4523237.4939","896768.2913","4391808.5271"
"BRMF00FRA","45.7261","4.9384","256.8625","4443792.8270","383966.8360","4544229.0710"
"OST600SWE","63.4428","14.8580","489.8340","2763889.5487","733243.4889","5682651.6763"
"ONS100SWE","57.3953","11.9245","44.4242","3370667.1984","711818.7219","5349787.8726"
"SKE000SWE","64.8792","21.0483","81.2031","2534031.1920","975174.3964","5752078.3398"
"ONSA00SWE","57.3953","11.9255","45.5380","3370658.8291","711876.9374","5349786.7382"
"MAN200FRA","48.0186","0.1553","167.9384","4274276.1500","11584.0850","4718385.7860"
"BZR200ITA","46.4958","11.3382","331.2100","4312893.0489","864794.5284","4603598.2760"
"TOPP00ITA","40.8178","15.4643","1292.4425","4659783.0625","1289147.5580","4147976.1501"
"STAS00NOR","59.0177","5.5986","104.8928","3275753.9094","321110.8626","5445041.8817"
"JATE00ITA","41.7911","16.0501","862.8320","4577468.4912","1316900.7283","4228910.3594"
"PULK00RUS","59.7718","30.3278","101.1720","2778606.6442","1625494.7822","5487811.0333"
"MOGI00BLR","53.9186","30.3260","212.0935","3249529.4121","1900851.5987","5131587.6973"
"KAD600SWE","59.4440","13.5056","114.0301","3160760.4426","759158.9177","5469347.0514"
"M0SE00ITA","41.8931","12.4933","120.5912","4642432.7600","1028629.1744","4236854.0159"
"BADH00DEU","50.2280","8.6097","261.2582","4042499.4581","612072.2204","4879250.8400"
"CRAK00CZE","50.1024","13.7292","381.8814","3982251.3215","972921.3286","4870394.7727"
"TRO100NOR","69.6627","18.9396","138.0746","2102928.8112","721619.3480","5958196.1255"
"WTZS00DEU","49.1448","12.8786","663.3688","4075535.2743","931822.1818","4801608.8777"
"DENT00BEL","50.9337","3.3997","63.8694","4020711.7200","238850.8732","4928949.4207"
"MATE00ITA","40.6491","16.7045","535.6678","4641949.8142","1393045.1637","4133287.2808"
"PFA300AUT","47.5153","9.7847","1090.3128","4253561.3824","733544.8332","4681451.8241"
"ZIMM00CHE","46.8771","7.4653","956.3610","4331297.3480","567555.6390","4633133.7280"
"MET300FIN","60.2175","24.3945","79.1042","2892584.5062","1311799.2111","5512619.5572"
"TLSE00FRA","43.5607","1.4809","209.2061","4627852.8929","119640.7249","4372995.3337"
"POPI00ITA","43.3660","13.6739","178.9468","4512624.1705","1097885.4961","4357273.6204"
"KUU200FIN","65.9102","29.0336","379.0661","2282712.2983","1267076.4207","5800214.5687"
"IGEO00MDA","47.0304","28.8435","105.8668","3814975.6306","2101074.9448","4644143.7803"
"FRNE00ITA","41.6449","13.3009","230.0610","4645426.7283","1098211.6068","4216360.9490"
"PENC00HUN","47.7896","19.2815","291.7517","4052449.8080","1417680.8944","4701406.9055"
"VLN100IRL","51.9396","-10.2417","76.8255","3877520.0288","-700588.9915","4998722.4050"
"IGNF00FRA","48.8456","2.4243","124.2011","4201694.1440","177888.8370","4779371.7670"
"AUBG00DEU","48.4213","10.9213","508.6793","4164313.0000","803525.9000","4748474.9000"
"VARS00NOR","70.3364","31.0312","174.8752","1844607.6522","1109719.1069","5983936.0369"
"AJAC00FRA","41.9275","8.7626","98.7783","4696989.6880","723994.1970","4239678.3040"
"MAR700SWE","60.5951","17.2584","74.2738","2998198.7594","931449.7113","5533392.6403"
"GWWL00POL","52.7380","15.2052","127.1371","3734526.1661","1015012.7925","5053042.5377"
"POZE00HRV","45.3328","17.6755","212.5163","4279473.1436","1363734.6753","4513577.8245"
"REDU00BEL","50.0015","5.1449","370.3036","4091423.7190","368380.6530","4863179.9940"
"BACA00ROU","46.5621","26.9122","219.2014","3917525.3649","1988523.8684","4608585.4595"
"TOR100ESP","40.4727","-3.4524","660.8555","4850487.9705","-292625.3733","4118482.2575"
"IJMU00NLD","52.4620","4.5561","54.0559","3882053.2677","309346.2085","5034330.2213"
"IGMI00ITA","43.7956","11.2138","95.0768","4523251.5300","896759.7653","4391796.1289"
"WUTH00NOR","77.0025","15.5386","52.0557","1386490.4229","385514.2262","6192886.9267"
"KIV200FIN","62.8199","25.7019","216.8714","2632282.0930","1266940.8820","5651029.7359"
"HAS600SWE","56.0922","13.7180","114.4185","3464660.8322","845747.1543","5270269.1557"
"BUTE00HUN","47.4809","19.0565","180.8190","4081882.3774","1410011.1420","4678199.3910"
"DYNG00GRC","38.0786","23.9324","508.5617","4595218.5637","2039433.4368","3912624.7622"
"KRA100POL","50.0661","19.9205","267.5522","3856937.5695","1397749.6854","4867719.1135"
"JON600SWE","57.7454","14.0597","260.4553","3309994.3625","828938.4344","5370879.8573"
"WTZZ00DEU","49.1442","12.8789","665.9062","4075578.4000","931852.7500","4801569.9800"
"TIT200DEU","51.0352","6.4316","156.1075","3993787.1000","450204.2000","4936131.8000"
"MELI00ESP","35.2812","-2.9517","88.8202","5205628.3680","-268411.2590","3663428.1350"
"CIMO00ITA","44.1935","10.7009","2205.0236","4502412.0767","850811.5129","4425070.3523"
"VFCH00FRA","47.2942","1.7197","153.2450","4331862.6370","130055.2080","4664121.6110"
"UCAG00ITA","39.2280","9.1101","134.8115","4885053.1270","783344.9145","4012044.1077"
"SUL500DNK","56.8417","9.7421","119.7698","3446402.8214","591713.3325","5316376.7358"
"NABG00NOR","78.9431","11.8573","42.7707","1201009.7380","252157.9110","6238021.9040"
"DUTH00GRC","41.1402","24.9168","109.2290","4362689.8809","2026647.9686","4174234.2239"
"SCIL00GBR","49.9146","-6.2958","85.3408","4090376.3173","-451278.1229","4856739.7675"
"ADAR00GBR","52.7892","-4.7413","148.3947","3852249.6709","-319510.9644","5056510.2833"
"BAIA00ROU","47.6518","23.5577","270.8493","3945840.1081","1720428.0430","4691082.4999"
"CPAR00CZE","50.0395","15.7832","283.2794","3949919.0831","1116467.0453","4865832.5410"
"SUR400EST","59.4636","24.3803","84.3677","2959057.2421","1341058.4968","5470426.8037"
"SULP00UKR","49.8356","24.0145","370.5313","3765297.3380","1677558.9900","4851297.2120"
"NYA100NOR","78.9296","11.8653","84.1511","1202434.1303","252632.2212","6237772.4351"
"SWKI00POL","54.0986","22.9282","215.9410","3452304.8576","1460314.5926","5143362.4020"
"GJML00SRB","44.0246","20.4601","389.5928","4304059.8674","1605810.7076","4410324.2959"
"DLF100NLD","51.9860","4.3875","75.8351","3924698.1158","301124.8036","5001904.9952"
"HOFJ00DEU","50.3129","11.8759","614.9218","3994171.0000","839949.0000","4885561.6000"
"SBG200AUT","47.8034","13.1104","1323.3898","4180931.2333","973735.2043","4703203.2859"
"BPDL00POL","52.0353","23.1273","196.3633","3615990.1509","1544390.8494","5005373.5092"
"PRAT00ITA","43.8856","11.0991","119.9693","4518264.4081","886376.4353","4399019.1405"
"BOGI00POL","52.4750","21.0352","139.9298","3633815.7000","1397453.9000","5035280.8000"
"ALAC00ESP","38.3389","-0.4812","60.3383","5009051.3860","-42072.4860","3935057.4820"
"GRAZ00AUT","47.0671","15.4935","538.2965","4194424.1240","1162702.4605","4647245.1930"
"ZARA00ESP","41.6334","-0.8822","296.1008","4773803.5370","-73506.5370","4215453.6780"
"TORI00ITA","45.0634","7.6613","310.7573","4472544.6220","601634.0915","4492544.9786"
"TER200UKR","49.5645","25.6102","393.6503","3737870.3212","1791703.8119","4831815.6570"
"OSLS00NOR","59.7366","10.3678","221.4837","3169982.1455","579956.5934","5485936.4657"
"BOR100POL","52.2770","17.0735","124.4135","3738358.5958","1148173.5785","5021815.7483"
"UME600SWE","63.5781","19.5095","55.1218","2682409.9783","950391.3823","5688993.5808"
"DGOR00MNE","42.4175","19.2034","94.9879","4453507.1598","1551168.2313","4280016.1698"
"PALB00ITA","41.1419","16.7837","63.6128","4605371.7731","1389015.2990","4174349.5825"
"KLOP00DEU","50.2198","8.7299","222.4472","4041875.7330","620655.0630","4878636.6120"
"PLND00SRB","45.2296","21.1212","132.4641","4197325.5491","1621400.1386","4505445.4422"
"DELF00NLD","51.9861","4.3876","74.3673","3924687.7039","301132.7618","5001910.7712"
"SVE600SWE","62.0174","14.7001","491.0682","2902498.2771","761460.3998","5609857.2866"
"SULD00DNK","56.8418","9.7422","120.7063","3446394.5023","591712.9312","5316383.2556"
"SNEO00GBR","52.1854","-0.1125","120.0261","3918752.9869","-7694.3350","5015570.0772"
"NPAZ00SRB","43.1396","20.5193","549.5468","4365991.2551","1634053.0380","4339210.4939"
"JOEN00FIN","62.3912","30.0962","113.6883","2564139.4231","1486149.5986","5628951.2631"
"BRTS00BLR","52.0876","23.7134","196.8690","3595800.9227","1579447.4732","5008953.7900"
"PSTV00BLR","55.1127","26.8390","176.6748","3262537.7094","1650818.2747","5208712.8748"
"ARA200SVN","46.4946","15.5088","1292.0837","4239308.7553","1176363.8590","4604205.1622"
"IRBE00LVA","57.5544","21.8520","45.8346","3183614.9330","1276707.5630","5359315.0420"
"TOIL00EST","59.4220","27.5366","76.7133","2884257.5739","1503793.8862","5468067.7833"
"MARS00FRA","43.2788","5.3538","61.7977","4630532.9950","433946.0470","4350142.4780"
"ARGI00FRO","61.9974","-6.7835","110.2238","2981490.0722","-354651.8089","5608474.7852"
"WTZR00DEU","49.1442","12.8789","666.0927","4075580.8863","931853.5784","4801567.9707"
"CUGA00ITA","40.6101","8.4500","182.6436","4796387.4351","712545.2598","4129766.2905"
"BME100HUN","47.4790","19.0577","178.9903","4082000.5621","1410144.9221","4678054.4231"
"TUC200GRC","35.5332","24.0706","160.8706","4744543.7806","2119411.9664","3686258.7452"
"LEIJ00DEU","51.3540","12.3741","178.4363","3898736.2000","855345.5000","4958372.6000"
"DUB200HRV","42.6502","18.1103","457.9470","4465932.8401","1460581.6613","4299308.5788"
"LAMA00POL","53.8924","20.6699","187.0592","3524523.2670","1329693.4580","5129846.1890"
"GRAS00FRA","43.7547","6.9206","1319.7193","4581690.7247","556115.4106","4389361.4837"
"CASC00PRT","38.6934","-9.4185","76.0492","4917537.1414","-815726.4839","3965857.1207"
"NOR700SWE","58.5901","16.2464","40.5090","3199101.5637","932233.0138","5420316.8674"
"MNKW00BLR","53.9161","27.5659","257.6125","3337518.3177","1742285.6146","5131459.2122"
"DOUR00BEL","50.0949","4.5949","282.6882","4086778.4058","328451.7478","4869782.4126"
"KUNZ00CZE","49.1073","15.2009","702.5197","4037498.1026","1097034.0308","4798909.1122"
"MAR600SWE","60.5951","17.2585","75.3834","2998189.7101","931451.5870","5533398.4707"
"GOP600CZE","49.9137","14.7856","592.5914","3979319.6273","1050311.9142","4857064.3557"
"VIR200FIN","60.5388","27.5549","36.9308","2788251.6493","1454871.0999","5530279.0061"
"ZECK00RUS","43.7884","41.5651","1165.2999","3451173.0999","3060334.3363","4391956.2351"
"DILL00DEU","49.3716","6.6997","227.6182","4132892.2000","485479.5000","4817740.6000"
"ISTA00TUR","41.1044","29.0193","147.3202","4208830.7260","2334850.0235","4171267.0890"
"ASIR00ITA","41.8547","12.6180","112.0987","4642952.5900","1039357.3119","4233673.6465"
"COMO00ITA","45.8022","9.0956","292.2993","4398306.5511","704149.6107","4550154.4542"
"RVNE00UKR","50.6051","26.2616","260.9538","3637571.7437","1794769.5287","4905979.0765"
"VAIN00LVA","56.4180","21.8367","184.2663","3282527.0140","1315357.7570","5290482.4670"
"LROC00FRA","46.1589","-1.2193","57.8588","4424632.7890","-94175.4820","4577543.8510"
"VIGO00ESP","42.1840","-8.8131","87.7683","4677481.0580","-725205.0810","4260827.1670"
"SVLL00ITA","39.3143","16.7512","1206.9202","4732504.7162","1424432.3118","4020139.3864"
"LODZ00POL","51.7787","19.4595","259.4182","3728601.8776","1317402.2599","4987811.1403"
"MAT100ITA","40.6491","16.7045","534.5363","4641951.7049","1393053.3980","4133280.6780"
"ROVE00ITA","45.8935","11.0421","261.6933","4364680.8569","851736.5953","4557204.7035"
"NICO00CYP","35.1410","33.3964","190.1096","4359416.1634","2874116.7593","3650777.6844"
"METG00FIN","60.2420","24.3842","57.6489","2890651.5843","1310295.1304","5513957.1076"
"ZZON00HUN","46.8914","16.8320","252.8973","4179601.2654","1264444.9922","4633710.1672"
"SMLA00UKR","49.2016","31.8663","183.0709","3546267.6888","2204463.9616","4805379.1936"
"ALKS00LVA","57.4397","27.0352","221.0017","3064941.7730","1564041.4360","5352595.1890"
"VIRG00ITA","43.6308","10.5013","50.7498","4546465.0023","842745.8418","4378528.1791"
"GRAC00FRA","43.7545","6.9208","1319.8657","4581708.5960","556132.3730","4389341.0310"
"VLFR00ITA","45.3902","10.8672","111.7849","4406434.9493","845930.3388","4517989.0063"
"VIL600SWE","64.6978","16.5599","450.4037","2620263.7410","779138.3187","5743797.5363"
"NYAL00NOR","78.9296","11.8651","78.4285","1202430.8186","252626.6390","6237767.4626"
"VTRB00ITA","42.4407","12.0583","350.3156","4610346.0003","984861.8233","4282089.0663"
"POLV00UKR","49.6026","34.5429","178.1272","3411557.3382","2348463.8352","4834396.6426"
"ZYWI00POL","49.6867","19.2060","412.7780","3904633.3059","1360191.8777","4840630.7774"
"OUL200FIN","65.0864","25.8925","82.4028","2423797.6167","1176542.7432","5761848.1355"
"SPT700SWE","57.7149","12.8915","221.1524","3328988.6610","761917.7752","5369031.4815"
"JOE200FIN","62.3911","30.0962","113.6871","2564142.7092","1486152.4374","5628949.0303"
"BOGE00POL","52.4752","21.0350","140.6183","3633802.1236","1397432.1363","5035297.3998"
"OROS00HUN","46.5552","20.6713","146.0304","4110947.2118","1551048.4312","4608009.8274"
"CFRM00CZE","49.6848","18.3532","373.5993","3924573.1728","1301971.0083","4840464.4916"
"ORID00MKD","41.1273","20.7940","772.9993","4498451.8100","1708266.8300","4173591.7800"
"BRST00FRA","48.3805","-4.4966","65.8027","4231162.7790","-332746.9230","4745130.6810"
"KLAD00SRB","44.6104","22.6129","101.0749","4198525.6823","1748784.5686","4456702.4124"
"BSCN00FRA","47.2469","5.9894","359.5447","4314139.5070","452626.0250","4660703.8020"
"RIGA00LVA","56.9486","24.0588","34.7271","3183899.3440","1421478.3780","5322810.7360"
"GAIA00PRT","41.1060","-8.5891","287.6409","4759095.6343","-718818.8833","4171491.1036"
"INVR00GBR","57.4862","-4.2193","66.1868","3427172.4104","-252834.3500","5355255.4939"
"CREU00ESP","42.3188","3.3156","133.3980","4715420.5430","273177.5110","4271946.4290"
"BIRG00ITA","37.9065","12.5060","54.3802","4919301.2096","1091125.1070","3897291.6585"
"MIKL00UKR","46.9728","31.9728","94.7110","3698554.6280","2308675.2670","4639770.4340"
"BYDG00POL","53.1346","17.9936","104.4317","3647217.1971","1184604.0861","5079624.9762"
"BUDD00DNK","55.7389","12.5000","87.9562","3513649.6317","778954.5380","5248201.7843"
"CANT00ESP","43.4720","-3.7981","99.2530","4625924.6640","-307096.7740","4365771.1420"
"LARM00GRC","39.6141","22.3879","151.3116","4549397.1706","1874003.1392","4045167.6109"
"TUBO00CZE","49.2059","16.5928","324.2782","4001470.5966","1192345.3073","4805795.3211"
"TERS00NLD","53.3627","5.2194","56.1056","3798580.8808","346993.8533","5094780.8151"
"MOPI00SVK","48.3727","17.2739","578.9795","4053738.1866","1260571.3770","4744940.6385"
"MUK200UKR","48.4458","22.7224","170.3919","3909874.5292","1637330.8972","4750029.0631"
"RAH100UKR","48.0548","24.2053","494.7138","3895974.4281","1751353.7958","4721320.5834"
"DARE00GBR","53.3448","-2.6405","88.4217","3811965.6105","-175800.0680","5093615.4804"
"GARI00ITA","44.6769","12.2494","47.3378","4439512.8033","963866.9969","4461921.9948"
"TAR000ESP","36.0086","-5.6027","50.0885","5140805.0359","-504304.4459","3728988.6978"
"TRMI00ITA","42.0046","14.9883","71.3439","4585221.6467","1227602.7971","4246030.1374"
"SODA00FIN","67.4209","26.3890","299.7441","2200147.0017","1091638.1970","5866870.6030"
"MDEU00ITA","40.8898","9.1626","566.9492","4767425.8621","768957.9883","4153547.7750"
"ISRN00ITA","41.6077","14.2662","577.1334","4629173.7463","1177057.9652","4213506.7551"
"PTBB00DEU","52.2962","10.4598","130.2638","3844059.7545","709661.5334","5023129.6933"
"BUDP00DNK","55.7390","12.5000","94.0267","3513638.5611","778956.1874","5248216.2482"
"FOYL00GBR","54.9838","-7.3367","68.9104","3638083.4868","-468414.8611","5200402.3255"
"DVCN00SVK","48.3072","18.6828","293.8419","4026497.4231","1361546.9680","4739882.1164"
"LESK00SRB","42.9976","21.9479","294.9585","4333721.6297","1746352.5829","4327504.7037"
"GALH00ITA","37.9396","14.0203","646.2112","4887007.3678","1220308.9001","3900558.1290"
"IZMI00TUR","38.3948","27.0818","74.9404","4456584.2859","2278765.5315","3939930.8737"
"METS00FIN","60.2175","24.3953","94.5797","2892571.1204","1311843.2621","5512633.9521"
"SUN600SWE","62.2325","17.6598","32.3188","2838911.3031","903817.0206","5620660.9185"
"SID000SRB","45.1287","19.2261","164.4140","4256180.8213","1484331.9671","4497564.7467"
"OLK200FIN","61.1910","21.5058","39.2754","2866981.6126","1129668.5907","5565665.4707"
"VLIS00NLD","51.4429","3.5973","54.4078","3975805.2237","249950.0832","4964446.0850"
"ARJ600SWE","66.3180","18.1250","489.6732","2441772.8338","799272.2140","5818730.2480"
"VIGN00ITA","42.0809","12.2111","305.5581","4633937.0755","1002830.2317","4252483.9165"
"PRIJ00SRB","43.3855","19.6425","514.4955","4372826.4641","1560748.5163","4359082.1029"
"KURE00EST","58.2556","22.5101","41.4870","3107617.7551","1287856.3298","5400807.1096"
"NOT100ITA","36.8758","14.9898","126.3453","4934546.4658","1321264.6920","3806455.9209"
"PPSH00NOR","77.0025","15.5384","52.6048","1386494.3301","385509.5481","6192886.9106"
"VIS600SWE","57.6539","18.3674","79.4512","3246466.5582","1077901.8309","5365279.6050"
"JOZ200POL","52.0978","21.0323","152.5288","3664880.9100","1409190.3850","5009618.2850"
"ALBA00ESP","38.9779","-1.8564","751.6397","4962848.1320","-160854.3940","3990884.1360"
"WROC00POL","51.1133","17.0620","180.8277","3835751.6257","1177249.7445","4941605.0540"
"GOML00BLR","52.4200","30.9668","174.0791","3342516.8603","2005751.2254","5031578.0325"
"ALME00ESP","36.8525","-2.4595","127.5049","5105220.2860","-219278.8340","3804386.8690"
"UNPG00ITA","43.1194","12.3557","352.0895","4555145.8071","997821.3435","4337434.3603"
"LAMP00ITA","35.4998","12.6057","57.8012","5073165.0016","1134512.2309","3683180.9269"
"BCLN00ESP","41.4054","2.0042","84.8048","4788065.1430","167551.1700","4196354.9920"
"CARG00ESP","37.5966","-0.9739","57.3272","5059185.5060","-85999.1700","3870099.2140"
"DLKS00LVA","55.8699","26.6175","122.7207","3206757.3390","1607049.5440","5256432.8950"
"ENTZ00FRA","48.5494","7.6399","204.2603","4192710.7230","562398.9610","4757685.7670"
"SAS200DEU","54.5110","13.6431","39.2091","3606364.5000","875343.0000","5170000.3000"
"SFER00ESP","36.4644","-6.2056","82.4311","5105515.7657","-555145.6601","3769804.8319"
"WARE00BEL","50.6899","5.2453","187.8657","4031947.4569","370150.8058","4911905.7665"
"CLIB00CZE","50.7717","15.0599","448.3596","3903195.5237","1050232.2558","4917869.6400"
"LINZ00AUT","48.3098","14.2831","335.0639","4118898.7968","1048597.2170","4740105.8276"
"TLL100IRL","53.2914","-6.3635","163.7869","3797283.4843","-423484.6814","5090128.4661"
"TRDS00NOR","63.3714","10.3192","317.6898","2820171.1097","513485.9012","5678935.7475"
"FINS00FIN","60.2291","19.9513","53.2389","2984444.9938","1083375.3134","5513242.7477"
"ANK200TUR","39.8428","32.7753","1296.0619","4124040.8447","2655252.2445","4065430.2317"
"VILL00ESP","40.4436","-3.9520","647.3654","4849833.7962","-335049.1807","4116014.8247"
"BORR00ESP","39.9052","-0.0832","72.9076","4899519.2985","-7115.8173","4069961.4079"
"WRLG00DEU","49.1450","12.8756","660.3647","4075567.4414","931599.7381","4801620.6600"
"CHIO00GBR","51.1490","-1.4383","128.2993","4007952.9623","-100634.2663","4944058.9468"
"KDA200SVN","46.0650","13.5608","858.0511","4310106.6242","1039607.4386","4570884.5817"
"VAA200FIN","62.9612","21.7706","58.2310","2699868.2882","1078261.2926","5658063.6189"
"GOET00DEU","51.5002","9.9506","214.8949","3918911.8000","687523.9000","4968545.6000"
"NOVP00BLR","55.5345","28.6457","169.0959","3174970.3234","1734340.1593","5235426.7787"
"LCRA00ITA","41.4264","15.4382","196.9786","4616719.4074","1274972.6682","4198179.7076"
"GANP00SVK","49.0347","20.3229","746.0419","3929181.8613","1455236.5105","4793653.7094"
"EUSK00DEU","50.6741","6.7635","245.2746","4022106.5000","477010.9000","4910840.5000"
"GELL00DEU","53.4503","14.3218","80.9310","3688287.2000","941628.1000","5100608.2000"
"CHIZ00FRA","46.1335","-0.4077","113.2036","4427603.4640","-31506.2970","4575621.5730"
"DIEP00DEU","52.5881","8.3422","81.6941","3842152.8000","563402.1000","5042888.6000"
"LERI00GBR","60.1383","-1.1837","132.0758","3183134.9556","-65772.7471","5508281.2332"
"AGRN00ITA","37.3033","13.5965","246.6621","4937499.2216","1194191.0577","3844370.7956"
"USAL00ITA","40.3349","18.1115","69.2047","4627542.1824","1513540.7111","4106448.0812"
"SOD300FIN","67.4208","26.3893","300.6870","2200149.7578","1091650.5585","5866868.3128"
"HOBU00DEU","53.0506","10.4763","152.2514","3778220.0990","698635.2250","5074054.0270"
"PZA200SVN","45.5908","15.2607","212.7403","4313418.2931","1176835.0751","4533685.7091"
"COST00ROU","44.1615","28.6575","46.1949","4021614.0400","2197896.0879","4421014.4850"
"AUTN00FRA","46.9538","4.2890","353.6041","4349466.2030","326196.0250","4638521.7510"
"BOGO00POL","52.4759","21.0353","149.6222","3633739.3000","1397433.9000","5035353.3000"
"RANT00DEU","54.8106","8.2908","47.1522","3645376.2000","531202.1000","5189297.1000"
"EBRE00ESP","40.8209","0.4924","107.7986","4833520.3640","41536.8300","4147461.2910"
"TRF200AUT","47.9280","15.8589","1092.4693","4119400.4262","1170248.4928","4712323.8053"
"WARN00DEU","54.1698","12.1014","50.7478","3658785.6000","784471.1000","5147870.7000"
"VLNS00LTU","54.6531","25.2987","240.8616","3343600.9781","1580417.5602","5179337.1310"
"BAUT00DEU","51.1923","14.5217","211.7864","3877545.5000","1004370.9000","4947148.1000"
"LOV600SWE","59.3379","17.8289","79.5594","3104211.1208","998381.5793","5463295.5801"
"MALA00ESP","36.7261","-4.3935","119.8361","5103282.4070","-392096.7910","3793146.8700"
"MERS00TUR","36.5664","34.2559","34.7282","4239146.6414","2886967.1245","3778874.4800"
"HUEL00ESP","37.2000","-6.9203","81.8482","5049613.1520","-612885.6650","3835143.8470"
"IBIZ00ESP","38.9112","1.4490","59.8632","4967979.6880","125662.8130","3984692.5380"
"AXPV00FRA","43.4912","5.3332","229.3806","4614667.1520","430786.2300","4367411.3020"
"SNIK00ITA","41.1081","16.8785","77.3279","4605443.5699","1397356.9820","4171525.3990"
"UBEN00ITA","41.1306","14.7774","207.7472","4652080.9748","1227172.0590","4173498.2531"
"LLIV00ESP","42.4781","1.9730","1467.7659","4709586.5060","162244.3440","4285914.0250"
"WTZA00DEU","49.1442","12.8789","666.7898","4075578.7929","931853.0512","4801570.7589"
"CASE00ESP","41.8829","2.9042","251.7881","4749772.7550","240959.5300","4236095.9110"
"ESCO00ESP","42.6936","0.9757","2508.4353","4696265.1790","79978.2250","4304244.7500"
"SVTL00RUS","60.5329","29.7809","78.5725","2730155.8582","1562364.8873","5529991.1411"
"LIL200FRA","50.6135","3.1360","96.1975","4049340.9290","221852.8360","4906448.7060"
"KATO00POL","50.2533","19.0356","332.8851","3862992.3713","1332822.6619","4881105.4364"
"HERT00GBR","50.8675","0.3344","83.3317","4033461.1717","23537.5675","4924318.0386"
"MADR00ESP","40.4292","-4.2497","829.4624","4849202.3940","-360328.9929","4114913.1862"
"VAE600SWE","58.6932","12.0351","169.8347","3249402.7500","692761.9444","5426399.9039"
"MOP200SVK","48.3727","17.2738","581.1122","4053742.9638","1260569.4369","4744939.9496"
"LEON00ESP","42.5884","-5.6510","970.2411","4680871.3750","-463168.4070","4294606.5510"
"EGLT00FRA","45.4034","2.0520","667.0204","4483373.8620","160636.3000","4519408.7340"
"CEU100ESP","35.8920","-5.3064","52.4495","5150907.9841","-478415.0945","3718518.2162"
"KIR800SWE","67.8775","21.0602","498.0007","2248127.3750","865685.4644","5886424.3055"
"SALA00ESP","40.9451","-5.4959","854.9681","4803054.7990","-462131.6280","4158378.6470"
"UZHL00UKR","48.6320","22.2976","232.0525","3907587.6652","1602428.5337","4763783.6858"
"SUBO00SRB","46.0995","19.6671","180.3303","4172027.2650","1491099.4423","4573052.0487"
"PRYL00UKR","50.5922","32.4004","172.5004","3425673.0432","2174035.4999","4904999.9490"
"SART00ITA","39.4901","9.2454","645.6355","4865365.0731","791977.6017","4034867.1782"
"KOS100NLD","52.1734","5.8182","104.7951","3899613.9607","397361.6230","5014738.6348"
"SCOA00FRA","43.3952","-1.6817","59.4433","4639940.8600","-136225.4840","4359551.9950"
"CEBR00ESP","40.4534","-4.3679","775.8077","4846664.9180","-370195.2000","4116929.5260"
"HERS00GBR","50.8673","0.3363","76.5206","4033470.2939","23672.7000","4924301.1926"
"VALA00ESP","41.7025","-4.7083","765.8844","4753521.6615","-391505.6358","4221500.5100"
"HELG00DEU","54.1745","7.8931","48.4281","3706067.0000","513804.1000","5148174.6000"
"GSR100SVN","46.0481","14.5437","351.6804","4292609.8207","1113638.9969","4569215.3885"
"GUIP00FRA","48.4446","-4.4118","154.6637","4226392.9520","-326080.5050","4749929.1470"
"LAGO00PRT","37.0989","-8.6684","62.7408","5035246.7052","-767657.3687","3826194.0615"
"MLHD00IRL","55.3722","-7.3392","78.6125","3602853.8339","-464041.2754","5225107.3153"
"KLNK00BLR","52.1282","29.3315","163.0050","3420778.7032","1922126.0584","5011700.5851"
"RIVO00ITA","45.9821","13.0483","95.9421","4325180.1394","1002384.7059","4563936.7515"
"KARL00DEU","49.0112","8.4113","182.9098","4146524.2000","613138.3000","4791517.3000"
"VITR00BLR","55.1876","30.2175","203.3128","3153681.0422","1836775.1877","5213501.7126"
"PORE00HRV","45.2260","13.5950","66.2204","4373762.0714","1057723.7168","4505121.2978"
"PINS00BLR","52.1106","26.0933","180.2640","3525285.1540","1726511.5717","5010515.0784"
"KIRU00SWE","67.8574","20.9684","390.9331","2251420.9320","862817.1400","5885476.6040"
"ACOR00ESP","43.3644","-8.3989","66.8838","4594489.8680","-678367.9920","4357065.8700"
"REDZ00POL","54.4724","17.1175","108.2660","3550066.9255","1093331.7908","5167561.9545"
"KNJA00SRB","43.5665","22.2553","291.0519","4284174.9403","1753166.2833","4373521.7249"
"MEDI00ITA","44.5200","11.6468","50.0100","4461400.9788","919593.3357","4449504.5479"
"BELL00ESP","41.5996","1.4011","853.4265","4775849.6260","116814.0930","4213018.7290"
"AQUI00ITA","42.3682","13.3502","712.9878","4592507.8040","1089876.0878","4276392.6781"
"VEN100ITA","45.4306","12.3541","60.4060","4379846.8268","959292.0000","4521100.1253"
"ZIM200CHE","46.8771","7.4650","956.4596","4331300.1600","567537.0810","4633133.5100"
"BBYS00SVK","48.7518","19.1510","487.4303","3980359.1415","1382291.8729","4772771.7558"
"MLVL00FRA","48.8411","2.5873","160.4628","4201577.2080","189859.8580","4779064.5580"
"ENZA00ITA","44.9073","9.7366","169.2988","4459806.8509","765260.4620","4480180.6576"
"SWAS00GBR","51.5656","-3.9818","89.9560","3963403.8030","-275880.9375","4972970.0066"
"SPRN00HUN","47.6836","16.5831","278.8867","4123048.2849","1227806.1475","4693474.0018"
"PYHA00FIN","64.4976","24.2376","26.1301","2510901.6402","1130426.3642","5733838.2503"
"DNMU00UKR","48.4551","35.0627","174.6331","3468976.7533","2434669.4410","4750720.1930"
"KIR000SWE","67.8776","21.0602","497.9812","2248123.5026","865686.5319","5886425.5976"
"ROM200FIN","64.2174","29.9318","242.8666","2410840.8135","1388075.8691","5720514.3774"
"ZADA00HRV","44.1132","15.2276","64.3194","4425737.1637","1204734.5084","4417173.4702"
"IENG00ITA","45.0151","7.6394","317.2384","4476536.9964","600431.5369","4488762.5914"
"BOLG00ITA","44.5002","11.3568","95.4310","4467537.7015","897308.7774","4447972.2804"
"EIJS00NLD","50.7582","5.6836","103.7953","4023086.5352","400394.8606","4916655.3317"
"TORN00FIN","66.0776","24.3320","70.4720","2363238.5834","1068632.1982","5807525.8179"
"SRJV00BIH","43.8679","18.4139","645.7875","4370293.2870","1454979.8890","4397965.1130"
"HKCL00HKG","","","","-2392741.5678","5397562.8257","2404757.6525"
"HKKS00HKG","","","","-2429526.5126","5377816.4150","2412152.5118"
"HKKT00HKG","","","","-2405144.5229","5385195.0292","2420032.3183"
"HKLM00HKG","","","","-2414046.5678","5391602.1293","2396878.6682"
"HKLT00HKG","","","","-2399063.3601","5389237.6222","2417326.8378"
"HKMW00HKG","","","","-2402484.7362","5395262.2140","2400726.7371"
"HKNP00HKG","","","","-2392360.8912","5400226.0470","2400094.2417"
"HKOH00HKG","","","","-2423817.5237","5386056.8707","2399883.1496"
"HKPC00HKG","","","","-2405183.6243","5392541.6003","2403645.5062"
"HKSC00HKG","","","","-2414267.5407","5386768.7600","2407459.8079"
"HKSL00HKG","","","","-2393383.0432","5393860.9504","2412592.1881"
"HKSS00HKG","","","","-2424425.7219","5377187.9555","2418617.5240"
"HKST00HKG","","","","-2417143.4966","5382345.2596","2415036.7266"
"HKTK00HKG","","","","-2418093.0003","5374658.1172","2430428.9676"
"HKWS00HKG","","","","-2430579.6329","5374285.4510","2418956.1089"
"T43000HKG","","","","-2411015.9413","5380265.4715","2425132.4510"
"KYC100HKG","","","","-2411015.9413","5380265.4715","2425132.4510"
"ABMF00GLP","16.2623","298.4725","-25.3000","2919798.0265","-5383765.8007","1774611.7572"
"ABPO00MDG","-18.9817","47.2292","1553.4000","4097132.2184","4429029.3574","-2061442.2831"
"AC2300USA","60.4751","209.1221","80.7000","-2752801.3568","-1533579.5758","5526754.0047"
"AC2400USA","58.6816","203.3473","36.8000","-3051320.4826","-1317090.3132","5425584.3684"
"ACRG00GHA","5.6415","359.7929","83.8000","6347409.8345","-22944.5317","622814.5397"
"ACSO00USA","40.2324","277.0185","249.8000","595805.7748","-4839549.1172","4097719.1331"
"ADIS00ETH","9.0351","38.7663","2439.6000","4911807.1745","3944440.7889","995007.3156"
"AGGO00ARG","-33.1263","301.8601","42.5000","2822313.7892","-4541276.0136","-3465696.1227"
"AIRA00JPN","31.8241","130.5996","315.1000","-3530014.1038","4118598.7391","3343873.3524"
"AJAC00FRA","41.9274","8.7626","99.2000","4696919.0789","723983.3339","4239612.6095"
"ALBH00CAN","48.3898","236.5125","32.2000","-2341321.8010","-3539032.4125","4745767.7379"
"ALGO00CAN","45.9558","281.9286","201.3000","918101.4541","-4345936.4842","4561836.3500"
"ALIC00AUS","-22.3299","133.8855","603.7000","-4091877.8930","4254240.4685","-2408246.7977"
"ALRT00CAN","82.4943","297.6595","78.6000","388037.3274","-740372.4235","6301925.9324"
"AMC400USA","38.8031","255.4754","1911.8000","-1248228.4940","-4818012.5625","3975327.9682"
"ANK200TUR","39.8428","32.7754","1294.7000","4123218.1439","2654723.9425","4064614.2811"
"ANTC00CHL","-36.6613","288.4679","746.2000","1622686.0606","-4858729.5366","-3787316.3756"
"ANTF00CHL","-22.2985","289.5799","68.8000","1978565.0156","-5562625.3321","-2405024.8556"
"AREG00PER","-15.5346","288.5071","2489.7000","1951082.8243","-5828777.0531","-1697176.3012"
"AREQ00PER","-15.5345","288.5072","2489.3000","1951095.1709","-5828776.3856","-1697164.4535"
"ARHT00ATA","-76.1706","166.6637","135.8000","-1488172.8568","352785.7447","-6171294.2418"
"ARTU00RUS","56.4298","58.5604","248.0000","1843886.6445","3016087.0334","5291059.7725"
"ARUC00ARM","40.2857","44.0856","1222.6000","3499758.5403","3389794.8152","4102251.8131"
"ASCG00SHN","-6.0837","345.6673","38.4000","6145044.5507","-1570083.9322","-671465.1496"
"ASPA00USA","-13.6739","189.2776","54.1000","-6117437.7042","-999308.3577","-1497951.8956"
"AUCK00NZL","-35.3972","174.8344","133.1000","-5183890.5203","468634.0287","-3673874.9319"
"BADG00RUS","51.7697","102.2350","811.8000","-838176.5508","3865296.2774","4986997.6011"
"BAIE00CAN","49.1868","291.7367","27.9000","1546816.1761","-3879748.3601","4804165.1174"
"BAKE00CAN","64.3178","263.9977","4.9000","-289833.1033","-2756497.9219","5725158.9509"
"BAKO00IDN","-5.5089","106.8489","158.6000","-1840215.5436","6076334.3058","-608228.4405"
"BAMF00CAN","48.8353","234.8649","11.1000","-2420717.4880","-3439849.8452","4778525.1001"
"BARH00USA","44.3951","291.7783","7.2000","1693642.5664","-4239062.7557","4439563.1885"
"BAUT00DEU","51.1923","14.5217","212.2000","3877420.3950","1004337.5940","4946985.1885"
"BELE00BRA","-0.5912","311.5374","9.5000","4229178.8861","-4773926.8584","-65369.7623"
"BHPL00IND","23.2890","77.4666","449.2000","1272000.6775","5721855.6911","2506149.2423"
"BHR300BHR","26.2091","50.6081","-13.4000","3633918.9991","4425286.8804","2799868.6758"
"BHR400BHR","26.2091","50.6081","-13.4000","3633918.9991","4425286.8804","2799868.6758"
"BIK000KGZ","42.8542","74.5332","745.3000","1248863.4188","4513399.8840","4315650.2760"
"BILL00USA","33.5783","242.9354","470.5000","-2420246.2355","-4736788.0152","3507572.8594"
"BJCO00BEN","6.3847","2.4500","31.1000","6333046.4681","270972.9049","704548.9456"
"BJFS00CHN","39.6086","115.8925","87.8000","-2148713.8685","4426581.5933","4044601.9678"
"BJNM00CHN","40.2453","116.2241","109.5000","-2154251.8227","4373365.7179","4098817.1125"
"BLYT00USA","33.6104","245.2851","86.3000","-2223178.1534","-4830235.4557","3510541.0167"
"BNEU00LAO","21.6440","101.9172","1012.4000","-1224770.8068","5803322.0758","2337822.1259"
"BNOA00IDN","-7.2535","115.2099","39.5000","-2695080.6492","5724765.8254","-799952.5954"
"BOAV00BRA","2.8452","299.2989","69.9000","3117419.1926","-5555428.0998","314478.6852"
"BOGI00POL","52.4750","21.0352","140.4000","3633736.3426","1397424.2731","5035172.5069"
"BOGT00COL","4.6401","285.9191","2577.2000","1743706.3492","-6113610.8948","512528.0664"
"BOR100POL","52.2769","17.0735","125.3000","3738287.7227","1148153.1140","5021718.2764"
"BRAZ00BRA","-14.0525","312.1221","1106.4000","4150710.3629","-4590115.4722","-1538624.8834"
"BREW00USA","48.1315","240.3174","239.1000","-2111929.8475","-3705215.4339","4726652.8280"
"BRFT00BRA","-2.1226","321.5745","22.1000","4993333.5217","-3961290.9955","-234647.4549"
"BRMG00DEU","47.9078","7.6329","262.0000","4245385.2591","568935.8426","4710010.1499"
"BRST00FRA","48.3805","355.5034","66.0000","4231119.1336","-332744.4895","4745083.0269"
"BRUN00BRN","4.9712","114.9524","91.1000","-2680656.7227","5761188.2988","549007.6916"
"BRUX00BEL","50.7981","4.3586","158.7000","4027784.3071","306990.5592","4919377.9626"
"BSHM00ISR","32.7790","35.0200","225.5000","4395958.8966","3080370.9361","3433379.7088"
"BTNG00IDN","1.4389","125.1904","75.4000","-3674544.4554","5210843.5939","159090.8120"
"BUCU00ROU","44.4639","26.1258","143.6000","4093670.4131","2007750.2746","4445031.3692"
"BZR200ITA","46.4958","11.3382","331.6000","4312674.3709","864749.6480","4603361.4899"
"CAGS00CAN","45.5850","284.1927","235.4000","1096308.8982","-4334903.5568","4533090.8450"
"CAS100ATA","-65.7166","110.5197","23.0000","-922008.6010","2463442.3181","-5791025.2166"
"CCJ200JPN","27.0675","142.1950","104.6000","-4490533.4954","3483839.0357","2884881.2148"
"CEBR00ESP","40.4534","355.6321","776.2000","4846087.4295","-370151.8160","4116433.8765"
"CEDU00AUS","-30.1333","133.8098","145.1000","-3821905.0276","3984076.7595","-3183166.6495"
"CGGN00NGA","10.1231","9.1183","917.1000","6200157.3882","995136.1395","1113656.0012"
"CHAN00CHN","43.7905","125.4433","272.0000","-2674265.7884","3757040.4582","4391318.6337"
"CHOF00JPN","35.6746","139.5311","94.3000","-3946159.0698","3366640.8192","3698918.8867"
"CHPG00BRA","-21.3177","314.9976","566.7000","4203133.8663","-4203484.3717","-2304204.8981"
"CHPI00BRA","-21.3129","315.0148","617.8000","4204536.1447","-4202359.6792","-2303703.8115"
"CHTI00NZL","-42.2645","183.3829","76.1000","-4719051.4662","-278949.0453","-4267394.8122"
"CHUM00KAZ","42.9985","74.7511","716.8000","1228814.4403","4507583.6387","4327388.4007"
"CHUR00CAN","58.7591","265.9113","-19.1000","-236439.2024","-3307626.1827","5430065.7928"
"CHWK00CAN","49.1566","237.9916","174.4000","-2215199.8094","-3543902.2094","4801969.5802"
"CIBG00IDN","-5.5096","106.8492","169.5000","-1840239.9745","6076319.4012","-608304.8989"
"CIT100USA","34.1367","241.8727","215.8000","-2491406.6841","-4660648.3813","3559011.4869"
"CKIS00COK","-20.7990","200.1994","18.8000","-5598137.7266","-2059645.8425","-2250602.5353"
"CKSV00TWN","22.9989","120.2200","60.0000","-2956591.0615","5075855.7449","2476603.6284"
"CMP900USA","34.3532","241.5886","1138.4000","-2508066.6917","-4636363.9599","3578867.7667"
"CMUM00THA","18.7609","98.9324","309.4000","-938034.6247","5968089.4640","2038307.8986"
"COCO00AUS","-11.8117","96.8340","-34.9000","-742985.6539","6199597.2336","-1297016.8593"
"CORD00ARG","-30.4716","295.5299","747.5000","2371243.1584","-4964735.4501","-3215543.7146"
"COSO00USA","35.9823","242.1911","1455.6000","-2410608.7532","-4570407.5128","3726620.5150"
"COTE00ATA","-76.1941","161.9978","1878.6000","-1452122.3658","471884.6471","-6171951.7913"
"COYQ00CHL","-44.4857","288.1079","476.3000","1416609.0647","-4332093.8094","-4446757.8310"
"CPNM00THA","10.7246","99.3744","9.5000","-1020874.2372","6183754.4416","1179093.2273"
"CPVG00CPV","16.7321","337.0651","94.5000","5626801.6151","-2380899.2130","1824456.5686"
"CRFP00USA","34.0391","242.9003","689.2000","-2410192.1834","-4709990.4423","3550043.9704"
"CRO100VIR","17.7569","295.4157","-31.1000","2607785.5528","-5488103.3524","1932776.3762"
"CUIB00BRA","-14.4447","303.9301","237.8000","3448337.9686","-5125841.8300","-1580682.2287"
"CUSV00THA","13.7359","100.5339","76.5000","-1132901.2952","6092458.9559","1504616.1627"
"CUT000AUS","-31.9961","115.8948","24.4000","-2364528.7157","4870678.4554","-3360065.9368"
"CUUT00THA","13.7360","100.5339","74.7000","-1132903.8431","6092456.2243","1504625.1113"
"CYNE00GUF","4.8219","307.6346","-22.4000","3880946.2945","-5033224.0151","532566.4020"
"CZTG00ATF","-45.5681","51.8555","203.2000","2762567.7018","3517599.7938","-4531774.4077"
"DAE200KOR","36.3994","127.3745","117.2000","-3119985.8768","4084542.4711","3763957.7014"
"DAEJ00KOR","36.3994","127.3745","117.5000","-3119985.8794","4084542.4744","3763957.7045"
"DAKR00SEN","14.7212","342.5605","52.2000","5886486.6658","-1849167.6473","1610286.0891"
"DARW00AUS","-11.1563","131.1328","125.5000","-4116809.4684","4713745.5490","-1225974.1756"
"DAV100ATA","-67.4227","77.9726","45.0000","511733.0024","2401868.2187","-5866672.0490"
"DEAR00ZAF","-29.3348","23.9926","1322.1000","5083963.4992","2262743.7882","-3106316.3165"
"DGAR00GBR","-6.7303","72.3702","-64.3000","1918489.1040","6036966.2545","-742522.4040"
"DHLG00USA","33.3898","244.2120","-82.6000","-2319128.9067","-4799907.8825","3490135.3047"
"DJIG00DJI","11.5263","42.8471","711.8000","4582584.8190","4250516.1848","1266102.3269"
"DLF100NLD","51.9860","4.3875","76.3000","3924651.2757","301122.2626","5001847.0896"
"DLTV00VNM","11.9453","108.4818","1585.7000","-1978395.6925","5919066.3566","1311486.4503"
"DRAG00ISR","31.5932","35.3921","32.2000","4432958.5357","3149417.8903","3322093.4876"
"DRAO00CAN","49.3226","240.3750","542.3000","-2058992.9582","-3620807.6775","4814027.9678"
"DRDN00IND","30.3403","78.0442","670.7000","1141295.0302","5389797.2790","3202993.9573"
"DUBI00ARE","25.0023","55.4668","68.3000","3278803.7494","4764768.0019","2679309.2057"
"DUBO00CAN","50.2588","264.1338","245.7000","-417586.9902","-4064376.9460","4881246.5977"
"DUMG00ATA","-65.3348","140.0022","-2.9000","-2044698.3564","1715572.1896","-5773388.1293"
"DUND00NZL","-44.1163","170.5972","389.3000","-4524868.7906","749317.0643","-4417385.5258"
"DYNG00GRC","38.0786","23.9324","511.0000","4594858.5778","2039274.6690","3912316.7897"
"EBRE00ESP","40.8209","0.4924","107.7000","4833439.9491","41536.3307","4147392.3548"
"EIL300USA","64.6879","212.8870","177.7000","-2296242.1234","-1484765.1308","5742920.8100"
"EIL400USA","64.6879","212.8870","177.7000","-2296242.1234","-1484765.1308","5742920.8100"
"ENAO00PRT","39.0912","331.9740","92.0000","4375671.5160","-2329133.4100","4000180.8289"
"EPRT00USA","44.9087","293.0079","30.8000","1768535.3500","-4164819.3538","4480170.3252"
"ESCU00CAN","47.0734","295.2013","-15.6000","1852957.8441","-3937507.9253","4647327.1114"
"EUR200CAN","79.9889","274.0624","29.3000","78804.5546","-1109585.7570","6259328.9690"
"FAA100PYF","-16.4447","210.3857","12.5000","-5278382.9102","-3095037.5791","-1793978.9479"
"FAIR00USA","64.9780","212.5008","319.6000","-2281510.0306","-1453524.1764","5756677.8398"
"FALK00FLK","-50.3064","302.1259","51.3000","2170575.9164","-3456716.3933","-4884624.1921"
"FFMJ00DEU","50.0906","8.6650","178.7000","4053344.3321","617713.0423","4869261.7657"
"FLIN00CAN","54.7256","258.0220","311.9000","-766137.5015","-3611202.5760","5183806.2855"
"FLRS00PRT","39.4538","328.8736","80.3000","4221478.1006","-2549210.9590","4031348.0144"
"FRDN00CAN","45.9335","293.3401","96.4000","1760516.6910","-4080009.2883","4560111.0674"
"FTNA00WLF","-13.6922","181.8791","85.3000","-6194710.1918","-203232.7640","-1499916.8215"
"FUNC00PRT","32.6479","343.0924","78.9000","5143277.5434","-1563393.5214","3421149.6704"
"GAMB00PYF","-22.8696","225.0352","81.1000","-4155048.3168","-4160151.9722","-2463424.5087"
"GAMG00KOR","35.5901","127.9197","928.4000","-3191152.1597","4096313.9375","3691309.7482"
"GANP00SVK","49.0347","20.3229","746.5000","3928729.9858","1455070.1787","4793101.0315"
"GCGO00USA","64.9780","212.5006","319.6000","-2281512.5965","-1453514.9257","5756679.1497"
"GENO00ITA","44.4194","8.9211","153.9000","4507784.7800","707602.0177","4441496.6224"
"GLPS00ECU","0.7430","269.6963","2.2000","-33801.0374","-6377514.7771","82154.4306"
"GLSV00UKR","50.3642","30.4968","227.2000","3512767.2958","2068909.6865","4888730.8080"
"GMSD00JPN","30.5564","131.0156","143.1000","-3607585.6843","4147777.7196","3223645.8888"
"GODE00USA","39.0217","283.1732","14.9000","1130771.0427","-4831243.2305","3994190.9759"
"GODN00USA","39.0212","283.1729","18.3000","1130758.8223","-4831286.0191","3994143.0969"
"GODS00USA","39.0205","283.1727","19.5000","1130747.9219","-4831334.4495","3994088.0058"
"GODZ00USA","39.0217","283.1732","14.9000","1130771.0427","-4831243.2305","3994190.9759"
"GOL200USA","35.4252","243.1107","987.1000","-2353256.7291","-4640680.1725","3676415.4548"
"GOLD00USA","35.4252","243.1107","987.1000","-2353256.7291","-4640680.1725","3676415.4548"
"GOP600CZE","49.9137","14.7856","593.0000","3978956.9490","1050216.8395","4856618.8998"
"GOP700CZE","49.9137","14.7856","593.0000","3978956.9490","1050216.8395","4856618.8998"
"GOPE00CZE","49.9137","14.7856","593.0000","3978954.6634","1050216.2362","4856620.8894"
"GRAC00FRA","43.7545","6.9207","1320.2000","4580777.8481","556018.3525","4388445.2281"
"GRAS00FRA","43.7548","6.9206","1319.7000","4580760.3894","556002.7121","4388465.2856"
"GRAZ00AUT","47.0671","15.4935","538.7000","4194076.1304","1162605.6808","4646858.8445"
"GUAM00GUM","13.5893","144.8684","202.3000","-5071154.9533","3568252.5209","1488858.1469"
"GUAT00GTM","14.5904","269.4798","1520.3000","-56051.7011","-6173533.1884","1596290.4199"
"GUUG00USA","13.4332","144.8027","135.1000","-5070360.3221","3576384.9853","1472064.5335"
"GVDG00GRC","34.8384","24.1090","124.7000","4783546.7300","2140688.4560","3623164.5551"
"HAL100USA","20.7074","203.7437","3073.3000","-5463433.1655","-2403256.8087","2241142.6197"
"HAMD00IRN","34.8691","48.5343","1751.4000","3468963.4015","3925683.6217","3625977.6514"
"HARB00ZAF","-24.1130","27.7072","1558.5000","5156959.1740","2708296.5589","-2589726.0294"
"HERS00GBR","50.8673","0.3362","76.9000","4033423.4310","23667.1902","4924242.4285"
"HERT00GBR","50.8675","0.3344","83.8000","4033409.8804","23538.0464","4924254.2235"
"HKSL00HKG","22.3720","113.9280","95.7000","-2393346.5200","5393782.6061","2412556.2704"
"HKWS00HKG","22.4343","114.3354","64.2000","-2430556.3011","5374232.5836","2418931.9356"
"HLFX00CAN","44.6836","296.3887","3.5000","2018904.7382","-4069068.0800","4462413.7382"
"HNLC00USA","21.3033","202.1354","22.6000","-5506780.9054","-2240041.1567","2302711.4941"
"HNPT00USA","38.5888","283.8696","-27.5000","1196632.7310","-4846379.8428","3956739.2876"
"HNUS00ZAF","-33.5754","19.2231","63.5000","5022860.8875","1751411.8228","-3507301.9738"
"HOB200AUS","-41.1953","147.4387","41.5000","-4050857.9111","2586773.2213","-4178768.8870"
"HOFN00ISL","64.2673","344.8021","83.3000","2679654.6756","-727941.4355","5722716.7539"
"HOLB00CAN","50.6404","231.8650","560.0000","-2502824.9328","-3187958.4409","4908276.9163"
"HOLM00CAN","70.7364","242.2391","40.0000","-983058.8531","-1867623.8970","5998641.8922"
"HOLP00USA","33.9245","241.8318","-6.3000","-2500948.7038","-4670478.6110","3539503.1119"
"HRAG00ZAF","-24.1096","27.6852","1407.8000","5158137.4097","2706379.4377","-2589379.5407"
"HRAO00ZAF","-24.1099","27.6870","1414.7000","5158041.0898","2706536.1957","-2589407.6727"
"HYDE00IND","17.4173","78.5509","442.1000","1208363.2822","5966400.2735","1896946.1115"
"IENG00ITA","45.0151","7.6394","317.0000","4476318.8261","600403.0493","4488541.7942"
"IISC00IND","13.0212","77.5704","844.1000","1337761.2363","6069528.6738","1427690.0872"
"IITK00IND","26.5214","80.2321","72.1000","968869.4594","5627975.8637","2830868.7995"
"IMPZ00BRA","-4.5082","312.5028","105.3000","4295992.4601","-4687796.7941","-497989.6396"
"INEG00MEX","21.8562","257.7158","1888.5000","-1260068.3959","-5786864.6629","2359650.8277"
"INVK00CAN","68.3062","226.4730","46.8000","-1628420.2371","-1714379.8412","5903802.7372"
"IQAL00CAN","63.7560","291.4895","92.1000","1035986.0134","-2631417.7857","5697739.2721"
"IQQE00CHL","-19.7264","289.8683","39.0000","2041235.5690","-5648620.5000","-2139215.3891"
"IRKJ00RUS","52.2190","104.3162","502.4000","-968252.6652","3794133.3653","5017777.8595"
"IRKM00RUS","52.2190","104.3162","502.8000","-968258.1846","3794131.9612","5017777.8650"
"ISBA00IRQ","33.3414","44.4384","72.8000","3808323.3077","3734387.5668","3485654.5133"
"ISHI00JPN","36.2088","140.2189","156.2000","-3959553.1792","3296757.9428","3746915.2260"
"ISPA00CHL","-26.8750","250.6556","112.9000","-1885836.5294","-5371750.5648","-2865871.6275"
"ISTA00TUR","41.1044","29.0193","147.7000","4208735.4685","2334797.0224","4171171.8669"
"IZMI00TUR","38.3948","27.0818","75.3000","4456532.6194","2278740.2036","3939884.9291"
"JCTW00ZAF","-32.0486","18.4686","84.0000","5132514.6160","1714183.8230","-3364997.0411"
"JDPR00IND","26.2064","73.0239","167.7000","1671908.2686","5476750.5248","2799602.2394"
"JFNG00CHN","30.5156","114.4910","71.7000","-2279804.8109","5004651.7677","3219740.9320"
"JOG200IDN","-6.2362","110.3725","174.8000","-2207317.1327","5944036.4654","-688229.5054"
"JOZ200POL","52.0978","21.0323","152.7000","3664795.2982","1409156.4959","5009500.0392"
"JOZE00POL","52.0973","21.0315","141.8000","3664860.5281","1409122.4333","5009461.9142"
"JPLM00USA","34.2048","241.8268","424.5000","-2493141.0735","-4654910.9777","3565264.5096"
"JPRE00ZAF","-24.2680","28.2826","1387.7000","5123306.3972","2756614.1153","-2605379.6541"
"KARR00AUS","-19.0186","117.0972","109.5000","-2747638.3810","5370004.5818","-2065294.9271"
"KAT100AUS","-13.6240","132.1533","184.7000","-4160804.3052","4596254.2929","-1492585.8044"
"KERG00ATF","-48.6485","70.2555","73.8000","1426252.1891","3973646.7489","-4764826.7005"
"KHAR00UKR","50.0051","36.2390","201.4000","3312881.6669","2428127.5032","4863157.1214"
"KIR000SWE","67.8776","21.0602","498.4000","2247950.7764","865619.4756","5885972.7533"
"KIR800SWE","67.8776","21.0602","498.4000","2247954.2941","865618.3273","5885971.5866"
"KIRI00KIR","1.3546","172.9229","36.6000","-6327787.1092","785600.5930","149768.4128"
"KIRU00SWE","67.8574","20.9684","391.3000","2251284.7200","862764.9459","5885121.2745"
"KIT300UZB","39.1348","66.8854","623.0000","1944758.6695","4556215.1877","4003940.9024"
"KITG00UZB","39.1334","66.8868","621.1000","1944693.0414","4556348.9814","4003821.2792"
"KLSQ00GRL","66.9956","309.3798","353.7000","1585945.4449","-1932153.4544","5848227.7453"
"KMNM00TWN","24.4638","118.3886","49.5000","-2761817.2939","5110307.8007","2625131.9937"
"KOKB00USA","22.1263","200.3351","1167.9000","-5542840.9153","-2054218.3931","2387379.4799"
"KOKV00USA","22.1263","200.3351","1167.9000","-5542840.9153","-2054218.3931","2387379.4799"
"KOS100NLD","52.1734","5.8182","105.2000","3899550.6674","397354.9532","5014657.6997"
"KOUC00NCL","-19.4413","164.2873","84.6000","-5791874.4104","1629404.1661","-2109477.0079"
"KOUG00GUF","5.0985","307.3603","106.6000","3855199.6473","-5049648.5437","563031.2061"
"KOUR00GUF","5.2522","307.1940","-25.4000","3839605.6094","-5059588.6069","579957.7487"
"KRGG00ATF","-48.6484","70.2555","73.4000","1426256.4640","3973652.6005","-4764820.5728"
"KRS100TUR","40.5884","43.0934","1812.1000","3542012.9780","3313797.0548","4127843.7166"
"KSU100USA","39.1007","263.3905","326.0000","-570475.2437","-4923344.5220","4001006.7069"
"KUJ200CAN","55.2900","282.2647","9.1000","773262.1366","-3557021.2321","5219834.3135"
"KZN200RUS","55.7908","49.1193","94.1000","2352311.9451","2717427.4898","5251382.0663"
"LAE100PNG","-5.3263","146.9932","140.7000","-5325804.1436","3459517.1004","-588118.6025"
"LAMA00POL","53.8924","20.6699","187.1000","3524422.4996","1329655.9223","5129697.1311"
"LAUT00FJI","-16.3912","177.4466","90.1000","-6114468.8310","272675.0746","-1788300.2620"
"LBCH00USA","33.7878","241.7967","-27.2000","-2507808.3822","-4676389.5769","3526906.5818"
"LCK400IND","26.9121","80.9556","64.6000","894670.2112","5620539.5820","2869538.5086"
"LEIJ00DEU","51.3540","12.3741","178.9000","3898629.9703","855322.8374","4958234.9837"
"LHAZ00CHN","29.6572","91.1040","3646.7000","-106882.1939","5546183.5301","3137439.7412"
"LICC00GBR","51.4998","359.8252","89.1000","3978650.3310","-12140.5602","4968348.2658"
"LMMF00MTQ","14.5948","299.0038","-26.6000","2993400.9083","-5399386.2199","1596753.5615"
"LPAL00ESP","28.7640","342.1062","2207.4000","5324838.5680","-1719243.1240","3051013.7388"
"LPGS00ARG","-33.0933","302.0677","30.3000","2839808.3535","-4532717.7750","-3462627.7899"
"LROC00FRA","46.1589","358.7807","58.3000","4424593.0071","-94175.6688","4577503.2349"
"M0SE00ITA","41.8931","12.4932","121.0000","4642346.7218","1028609.7118","4236774.9202"
"MAC100AUS","-53.5005","158.9358","-6.4000","-3547992.6175","1366507.6882","-5103868.6116"
"MAD200ESP","40.4292","355.7503","829.9000","4848583.3420","-360283.6186","4114385.0712"
"MADR00ESP","40.4292","355.7503","829.9000","4848583.3420","-360283.6186","4114385.0712"
"MAG000RUS","59.5758","150.7700","362.4000","-2825653.6922","1581144.8711","5476698.6797"
"MAJU00MHL","7.1191","171.3645","34.3000","-6257540.0604","950327.0258","785210.0936"
"MAL200KEN","-1.0039","40.1941","-20.5000","4871273.6532","4115691.3027","-111004.8567"
"MANA00NIC","12.1489","273.7510","71.4000","407976.7072","-6222857.5302","1333514.9248"
"MAR600SWE","60.5951","17.2585","75.8000","2998155.1048","931441.1909","5533333.8215"
"MAR700SWE","60.5951","17.2584","74.7000","2998164.1753","931439.2273","5533329.2459"
"MARS00FRA","43.2788","5.3538","62.2000","4630488.2191","433941.3625","4350101.7252"
"MAS100ESP","27.7638","344.3667","197.6000","5439026.6727","-1522009.3728","2953365.4577"
"MAT100ITA","40.6491","16.7046","534.9000","4641570.0278","1392940.0198","4132938.1799"
"MATE00ITA","40.6491","16.7044","536.1000","4641566.9704","1392929.2904","4132945.2146"
"MATG00ITA","40.6490","16.7047","537.4000","4641569.2828","1392949.6081","4132935.8679"
"MAUI00USA","20.7066","203.7430","3062.4000","-5463493.4967","-2403194.8313","2241062.0042"
"MAW100ATA","-66.3952","62.8707","59.6000","1167896.0925","2279396.1570","-5821734.9262"
"MAYG00MYT","-11.2179","45.2581","-15.9000","4404438.4844","4444305.6519","-1232662.3948"
"MBAR00UGA","0.6015","30.7379","1338.1000","5481821.0657","3259772.1388","66506.4032"
"MCHL00AUS","-25.6411","148.1450","535.0000","-4887069.5371","3036613.3647","-2743275.9332"
"MCIL00JPN","24.2901","153.9787","36.1000","-5227160.1404","2551866.0319","2607602.4241"
"MCM400ATA","-76.1616","166.6693","98.5000","-1489148.0382","352861.3681","-6171055.6104"
"MDO100USA","30.6805","255.9850","2004.9000","-1329589.3733","-5326750.4276","3235498.1387"
"MDVJ00RUS","56.0215","37.2145","257.8000","2845343.2398","2160868.2346","5265784.2034"
"MEDI00ITA","44.5199","11.6468","50.5000","4461367.5567","919585.9842","4449469.2764"
"MELI00ESP","35.2812","357.0484","93.9000","5205555.0279","-268405.9009","3663381.1016"
"MERS00TUR","36.5664","34.2559","38.9000","4239123.9425","2886951.4790","3778854.4927"
"MET300FIN","60.2174","24.3945","79.6000","2892549.8439","1311784.0163","5512551.6731"
"METG00FIN","60.2420","24.3842","60.1000","2890625.6968","1310282.9130","5513908.2743"
"MFKG00ZAF","-24.1950","25.5400","1311.3000","5252335.6833","2509735.0275","-2598005.8680"
"MGUE00ARG","-34.2226","290.6021","1554.1000","1857703.4475","-4941794.3242","-3566908.9031"
"MIKL00UKR","46.9728","31.9728","95.1000","3698501.3560","2308642.5034","4639701.5208"
"MIZU00JPN","39.1352","141.1328","117.4000","-3857098.7868","3108638.6529","4003968.8211"
"MKEA00USA","19.8014","204.5437","3755.1000","-5460947.2698","-2493725.1118","2147042.2076"
"MOBJ00RUS","55.1149","36.5697","183.0000","2936341.4045","2178312.9793","5208711.6353"
"MOBK00RUS","55.1149","36.5697","183.0000","2936341.4045","2178312.9793","5208711.6353"
"MOBN00RUS","55.1149","36.5695","183.1000","2936348.7978","2178303.0148","5208711.6368"
"MOBS00AUS","-36.1706","144.9753","41.0000","-4221333.4128","2958518.6666","-3743488.5928"
"MOIU00KEN","0.2883","35.2900","2201.9000","5206046.4374","3684722.3749","31882.3109"
"MONP00USA","32.8919","243.5776","1843.0000","-2385571.5932","-4800997.2200","3443919.5369"
"MORP00GBR","55.2128","358.3145","144.9000","3645588.0520","-107275.1227","5214936.1652"
"MQZG00NZL","-42.2972","172.6547","155.1000","-4686070.7922","604066.1249","-4270084.9256"
"MRC100USA","38.4991","282.6294","27.6000","1092807.9840","-4877200.5946","3948952.4563"
"MRL100NZL","-40.4238","173.7407","147.7000","-4833342.1374","530126.7362","-4113924.1742"
"MRL200NZL","-40.4238","173.7407","147.7000","-4833342.1374","530126.7362","-4113924.1742"
"MRO100AUS","-25.3034","116.6375","354.5000","-2586828.2550","5157342.9174","-2709495.7132"
"MSGR00BRA","-19.5546","305.2766","533.0000","3472378.9260","-4908469.0695","-2121305.9522"
"MSSA00JPN","36.1404","138.3523","1626.8000","-3853432.5762","3426977.9783","3740797.2240"
"MTKA00JPN","35.6795","139.5614","109.4000","-3947696.1503","3364342.6265","3699367.1822"
"MTV100URY","-33.0864","303.8237","41.1000","2977602.0485","-4443912.2438","-3461992.9474"
"MTV200URY","-33.0864","303.8237","41.1000","2977602.0485","-4443912.2438","-3461992.9474"
"NABG00NOR","78.9431","11.8573","43.4000","1201002.6475","252156.4204","6237980.5120"
"NAIN00CAN","56.5370","298.3113","33.9000","1671828.0817","-3103458.1169","5297644.1362"
"NANO00CAN","49.2948","235.9135","7.0000","-2335724.2820","-3451605.4821","4812004.6800"
"NAUR00NRU","0.5517","166.9256","46.7000","-6212511.0051","1442775.8880","61005.3689"
"NAUS00BRA","-2.9771","299.9450","94.2000","3179494.7314","-5519281.3229","-329043.7825"
"NCKU00TWN","22.9967","120.2226","98.6000","-2956868.0219","5075805.0115","2476380.1854"
"NICO00CYP","35.1410","33.3964","190.5000","4359287.6077","2874032.4454","3650671.5889"
"NIST00USA","39.9951","254.7374","1648.8000","-1288072.4782","-4720500.5984","4077583.4745"
"NIUM00NIU","-18.9234","190.0729","90.5000","-5942510.1729","-1055627.3868","-2055335.7455"
"NKAY00LAO","17.7191","105.1532","522.0000","-1588647.3608","5866140.6147","1928799.8695"
"NKLG00GAB","0.3539","9.6721","31.9000","6287355.0113","1071570.8649","39130.7670"
"NLIB00USA","41.7716","268.4251","207.5000","-130929.9194","-4762140.6662","4226718.5005"
"NNOR00AUS","-30.9512","116.1927","235.2000","-2416521.8497","4912595.9577","-3261261.5555"
"NOT100ITA","36.8761","14.9898","126.7000","4934432.7369","1321236.3097","3806405.2923"
"NOVM00RUS","55.0305","82.9095","150.4000","452251.6517","3635793.6549","5203332.4242"
"NRC100CAN","45.4542","284.3762","82.9000","1112762.5966","-4341420.5699","4522898.3584"
"NRIL00RUS","69.3618","88.3598","48.3000","64536.8251","2253766.2803","5946319.4335"
"NRMD00NCL","-21.7717","166.4849","160.8000","-5761813.9356","1384896.4417","-2350953.0687"
"NRMG00XXX","-21.7717","166.4849","160.8000","-5761813.9356","1384896.4417","-2350953.0687"
"NTUS00SGP","1.3458","103.6799","78.9000","-1508004.0109","6195505.0615","148798.0977"
"NVSK00RUS","54.8406","83.2355","124.1000","433595.2965","3655487.0823","5191189.6005"
"NYA100NOR","78.9296","11.8653","84.1000","1202418.2270","252628.9234","6237691.3618"
"NYA200NOR","78.9303","11.8586","81.9000","1202364.2003","252471.4989","6237707.9983"
"NYAL00NOR","78.9296","11.8651","79.4000","1202416.2127","252623.6308","6237691.8768"
"OAFA00ARG","-30.4913","291.3767","727.7000","2005045.4932","-5122398.0054","-3217430.4375"
"OAK100GBR","51.1176","359.0949","140.1000","4011354.8518","-63375.2674","4941770.1966"
"OAK200GBR","51.1176","359.0949","140.1000","4011354.8518","-63375.2674","4941770.1966"
"OBE400DEU","48.0848","11.2779","651.0000","4186285.5765","834820.3797","4723189.2314"
"OHI200ATA","-62.6789","302.0987","33.6000","1559692.9250","-2486492.1042","-5643642.1096"
"OHI300ATA","-62.6789","302.0986","32.7000","1559690.5102","-2486493.6104","-5643642.0957"
"ONS100SWE","57.3953","11.9245","44.9000","3370644.0650","711813.2683","5349751.2666"
"ONSA00SWE","57.3953","11.9255","46.0000","3370634.5460","711871.0036","5349749.6159"
"OP7100FRA","48.8359","2.3350","125.0000","4202698.3662","171367.2495","4778569.2958"
"OPMT00FRA","48.8359","2.3349","123.0000","4202698.4263","171365.2111","4778569.2695"
"ORID00MKD","41.1273","20.7941","773.4000","4497917.1207","1708064.4571","4173091.7851"
"OSN300KOR","37.0827","127.0336","64.9000","-3068310.2484","4066823.4547","3824719.1558"
"OSN400KOR","37.0827","127.0336","64.9000","-3068310.2484","4066823.4547","3824719.1558"
"OUS200NZL","-44.1305","170.5109","26.5000","-4522648.5256","755943.7394","-4418513.3056"
"OWMG00NZL","-43.9757","183.6312","22.0000","-4588122.5771","-291168.1630","-4406148.7872"
"P04300USA","43.8811","255.8143","1491.4000","-1128442.3829","-4464247.5958","4398599.9621"
"P05100USA","45.8066","251.4539","1081.5000","-1416602.7694","-4222476.3406","4550303.2648"
"P05300USA","48.7261","252.2746","815.4000","-1283398.0377","-4015266.9835","4770530.0242"
"P38900USA","43.8120","239.3967","1398.3000","-2346901.5114","-3967866.8647","4393058.5980"
"P77900USA","35.2019","277.1275","880.5000","647385.1762","-5177237.5743","3656205.5197"
"P80200USA","46.5576","259.3766","573.5000","-809961.8686","-4318231.5340","4608089.3894"
"PADO00ITA","45.4111","11.8961","65.1000","4388839.6144","924558.0128","4519542.2993"
"PALM00ATA","-63.2249","295.9489","31.7000","1260627.8439","-2590532.7186","-5671316.2636"
"PARC00CHL","-52.8631","289.1201","22.7000","1263961.3781","-3645963.3180","-5061357.6888"
"PARK00AUS","-31.0012","148.2646","397.8000","-4653798.3553","2878216.8304","-3266015.8697"
"PBR400IND","11.6374","92.7124","-13.8000","-295667.7609","6240876.5744","1278146.5606"
"PDEL00PRT","37.7478","334.3372","111.2000","4551517.9204","-2186857.0182","3883344.3378"
"PENC00HUN","47.7896","19.2815","292.1000","4052267.1072","1417617.2499","4701195.3835"
"PERT00AUS","-30.1980","115.8853","13.1000","-2408665.9982","4963703.5194","-3189365.9879"
"PETS00RUS","53.0233","158.6501","102.6000","-3580771.9285","1399675.6703","5072105.3587"
"PGEN00PHL","6.0649","125.1317","121.5000","-3649939.8152","5187242.5502","669397.3344"
"PICL00CAN","51.4798","269.8380","315.5000","-11252.3996","-3980394.1679","4966967.7810"
"PIE100USA","34.3015","251.8811","2348.1000","-1640323.4975","-5012970.7825","3574146.5777"
"PIMO00PHL","14.6357","121.0777","95.9000","-3186246.1232","5286546.9092","1601134.8342"
"PIN100USA","33.6122","243.5418","1256.6000","-2369052.9733","-4760285.9084","3510713.9742"
"PNGM00PNG","-1.9568","147.3660","116.8000","-5368127.2195","3437550.6530","-216328.1397"
"POAL00BRA","-29.9259","308.8802","77.2000","3472629.9095","-4306718.5264","-3163262.3733"
"POHN00FSM","6.9599","158.2101","91.1000","-5879076.4028","2350259.4125","767737.4654"
"POL200KGZ","42.6798","74.6943","1714.6000","1239643.3603","4529595.5239","4301437.6571"
"POLV00UKR","49.6026","34.5429","178.6000","3411464.5623","2348398.9023","4834263.2045"
"POTS00DEU","52.3793","13.0661","144.9000","3800604.6900","882057.1135","5028679.4704"
"POVE00BRA","-7.2907","296.1037","120.0000","2783820.7667","-5681564.8442","-804030.0500"
"PPPC00PHL","9.7729","118.7402","66.9000","-3022644.2768","5511783.3246","1075507.7636"
"PRDS00CAN","50.8714","245.7065","1248.4000","-1659284.5011","-3676019.6736","4924543.0148"
"PRE300ZAF","-24.2535","28.2241","1414.2000","5126702.9885","2751685.9251","-2603918.4327"
"PRE400ZAF","-24.2535","28.2241","1414.2000","5126702.9885","2751685.9251","-2603918.4327"
"PTAG00PHL","14.5354","121.0408","87.1000","-3184277.3591","5290994.1337","1590397.1570"
"PTBB00DEU","52.2962","10.4597","130.7000","3843982.5234","709647.2747","5023028.6403"
"PTGG00PHL","14.5354","121.0413","85.3000","-3184324.3114","5290967.6412","1590391.1989"
"PTVL00VUT","-16.2506","168.3150","86.8000","-5997986.2586","1240482.6851","-1773364.0209"
"QAQ100GRL","60.7153","313.9522","110.8000","2170906.6911","-2251792.2191","5539892.9738"
"QIKI00CAN","67.5593","295.9663","13.7000","1069079.3198","-2195210.2937","5872506.7140"
"QUI300ECU","0.1396","281.5327","2927.9000","1275171.7438","-6249398.4234","15434.4355"
"QUI400ECU","0.1396","281.5327","2927.9000","1275171.7438","-6249398.4234","15434.4355"
"QUIN00USA","39.9746","239.0556","1106.2000","-2516802.1615","-4197881.4200","4075833.3212"
"RABT00MAR","33.9981","353.1457","90.5000","5255544.4903","-631735.8161","3546273.7300"
"RAEG00PRT","36.9857","334.8736","298.3000","4618266.3969","-2165948.4103","3816128.2478"
"RAMO00ISR","30.5977","34.7631","893.5000","4514099.1080","3133075.5559","3227595.0203"
"RBAY00ZAF","-27.2044","32.0784","32.2000","4809881.2354","3014705.2931","-2898381.8393"
"RDSD00DOM","18.4614","290.0887","-8.8000","2078683.6846","-5683744.9752","2006888.8336"
"REDU00BEL","50.0015","5.1449","370.3000","4091190.8253","368360.0908","4862901.2147"
"RESO00CAN","74.6908","265.1067","35.4000","-144096.5128","-1683114.2246","6129744.9933"
"REUN00REU","-20.7918","55.5717","1558.8000","3372633.9012","4920396.4432","-2249867.4382"
"REYK00ISL","64.1388","338.0445","93.5000","2587347.6722","-1043019.5002","5716481.4605"
"RGDG00ARG","-52.2142","292.2485","32.8000","1482750.0269","-3624599.6093","-5017439.9822"
"RIGA00LVA","56.9486","24.0588","35.2000","3183882.8467","1421471.4615","5322781.6742"
"RIO200ARG","-52.2145","292.2489","32.5000","1482764.3608","-3624559.4320","-5017464.5976"
"RIOP00ECU","-0.3494","281.3489","2793.4000","1255094.0968","-6253358.2750","-38633.4858"
"ROAG00ESP","36.4634","353.7937","83.7000","5105511.3005","-555202.0257","3769666.3523"
"ROCK00USA","34.2357","241.3236","553.8000","-2533005.8355","-4631148.8572","3568093.9084"
"ROTH00ATA","-66.4286","291.8743","40.6000","952948.3440","-2373615.3822","-5823224.5361"
"SABY00BES","17.6459","296.7794","-3.3000","2739342.9929","-5427821.6895","1921070.0999"
"SALU00BRA","-1.4066","315.7875","19.4000","4570218.0042","-4446278.8762","-155513.5619"
"SAMO00WSM","-12.1508","188.2616","77.3000","-6171457.4943","-896092.6845","-1333713.2134"
"SANT00CHL","-32.8497","289.3314","723.5000","1775506.4108","-5061144.4323","-3439976.0742"
"SASK00CAN","52.1962","253.6016","579.0000","-1106031.8461","-3758370.7368","5016225.7599"
"SAVO00BRA","-11.0608","321.5677","76.7000","4904069.5471","-3891414.0288","-1215602.1219"
"SBOK00ZAF","-28.3307","17.8792","1043.5000","5347100.7926","1724925.3819","-3008819.8587"
"SCH200CAN","54.8321","293.1674","498.6000","1448526.3720","-3384984.8789","5190646.4382"
"SCIP00USA","32.9144","241.5121","453.3000","-2556410.4161","-4710685.6797","3445998.8191"
"SCOR00GRL","70.4853","338.0497","128.9000","1982057.0354","-798805.1184","5989345.4991"
"SCRZ00BOL","-16.2032","296.8403","442.5000","2766099.9325","-5466382.0702","-1768336.4628"
"SCTB00ATA","-76.1510","166.7580","-18.4000","-1490811.3660","350819.7885","-6170770.2071"
"SCUB00CUB","20.0121","284.2377","21.4000","1474534.5083","-5811224.5741","2168950.9735"
"SEJN00KOR","36.5222","127.3032","181.6000","-3109994.8047","4081979.5882","3774918.4182"
"SEUS00BES","17.4953","297.0174","-5.8000","2764148.2025","-5420878.5122","1905184.6648"
"SEY200SYC","-3.3264","55.4794","539.2000","3608458.5082","5246306.5474","-367608.0757"
"SEYG00SYC","-3.3213","55.5306","-37.2000","3603782.1935","5249547.2409","-367046.3328"
"SFDM00USA","34.4598","241.2455","291.9000","-2532562.3801","-4615392.0094","3588619.2979"
"SFER00ESP","36.4643","353.7944","84.6000","5105453.7615","-555138.1659","3769753.1264"
"SGOC00LKA","6.8921","79.8742","-78.1000","1113294.5938","6233719.3728","760287.0853"
"SGPO00USA","36.6042","262.5152","290.6000","-667772.3339","-5082630.6534","3782225.7972"
"SHAO00CHN","31.0996","121.2004","22.5000","-2831724.0186","4675650.2542","3275357.8766"
"SHE200CAN","46.2207","295.4480","-14.9000","1899513.0357","-3991731.1592","4582253.9413"
"SHLG00IND","25.6739","91.9133","1007.6000","-192046.3081","5748873.9934","2746558.2283"
"SIN100SGP","1.3430","103.6794","92.9000","-1507951.7410","6195525.6005","148484.8941"
"SMST00JPN","33.5779","135.9369","98.0000","-3822315.0749","3699304.8238","3507533.3277"
"SNI100USA","33.2479","240.4756","240.1000","-2631249.9290","-4646108.1676","3476983.0597"
"SOD300FIN","67.4208","26.3893","301.3000","2200048.5979","1091600.4900","5866595.2962"
"SOFI00BGR","42.5561","23.3947","1120.0000","4318629.5555","1868365.6055","4291319.0634"
"SOLO00SLB","-8.5651","159.9544","123.2000","-5925366.6547","2162003.7430","-943624.8217"
"SPK100USA","34.0593","241.3538","440.5000","-2535820.9020","-4642120.8325","3551905.1979"
"SPT000SWE","57.7149","12.8913","220.3000","3328873.5259","761883.8890","5368850.1214"
"SPTU00BRA","-20.0709","309.5076","509.2000","3812732.5759","-4623958.2830","-2175072.6241"
"SSIA00SLV","13.6973","270.8838","664.8000","95601.0961","-6197183.1244","1500462.6445"
"STFU00USA","37.4269","237.8267","20.8000","-2700394.3795","-4292592.1043","3855126.0670"
"STHL00GBR","-14.0575","354.3327","453.7000","6158109.5793","-611115.2833","-1539152.7932"
"STJ300CAN","47.5954","307.3217","154.9000","2612526.2737","-3426738.5233","4686662.3377"
"STJO00CAN","47.5953","307.3222","153.2000","2612569.1665","-3426725.8701","4686647.7368"
"STK200JPN","43.5286","141.8448","119.0000","-3642094.5144","2861436.7728","4370270.6706"
"STPM00SPM","46.7778","303.8317","0.9000","2436207.2981","-3634804.2356","4624885.8280"
"STR100AUS","-34.6845","149.0101","800.3000","-4500977.1759","2703384.9202","-3609146.1702"
"STR200AUS","-34.6838","149.0102","802.9000","-4501017.0251","2703396.9771","-3609087.9152"
"SULP00UKR","49.8356","24.0145","371.0000","3765082.5751","1677464.6135","4851018.8088"
"SUTH00ZAF","-31.6198","20.8105","1800.2000","5081647.1643","1931399.5689","-3324620.0059"
"SUTM00ZAF","-31.6186","20.8109","1798.0000","5081698.5659","1931464.2185","-3324504.5828"
"SUWN00KOR","37.2755","127.0542","84.4000","-3061984.2470","4055395.5170","3841770.4796"
"SVTL00RUS","60.5329","29.7809","77.2000","2730123.6578","1562345.7161","5529923.6126"
"SYDN00AUS","-32.2191","151.1504","86.0000","-4730802.9390","2606117.7845","-3381015.1406"
"SYOG00ATA","-68.9931","39.5838","50.5000","1767309.9012","1461201.8255","-5931696.0737"
"TABL00USA","34.3819","242.3217","2228.4000","-2447710.1794","-4666498.6548","3581505.9123"
"TANA00ETH","11.5691","37.3291","1851.4000","4969330.4808","3789606.9957","1270745.5776"
"TASH00UZB","41.3281","69.2956","440.1000","1695831.1672","4486834.3424","4189855.9310"
"TCMS00TWN","24.7980","120.9874","77.7000","-2982747.0268","4966600.5463","2658779.0122"
"TDOU00ZAF","-22.9201","30.3840","630.6000","5070315.8128","2972833.6606","-2468574.5001"
"TEHN00IRN","35.6973","51.3341","1195.0000","3239904.6179","4048995.7710","3700977.8045"
"TEJA00CHL","-38.1946","286.7471","43.6000","1446247.5136","-4806224.0422","-3922439.1767"
"THTG00PYF","-16.4229","210.3936","97.1000","-5278546.7926","-3096106.9839","-1791670.7704"
"THTI00PYF","-16.4229","210.3936","98.9000","-5278546.8186","-3096106.9991","-1791670.7793"
"THU200GRL","76.5371","291.1749","36.7000","538089.7961","-1389079.7150","6180944.9307"
"TID100AUS","-34.6008","148.9800","665.7000","-4504078.3636","2708463.6067","-3601508.8191"
"TIDB00AUS","-34.6008","148.9800","665.8000","-4504078.3648","2708463.6074","-3601508.8201"
"TIT200DEU","51.0352","6.4316","156.5000","3993692.2379","450193.6510","4936011.7342"
"TIXI00RUS","71.6345","128.8664","47.4000","-1264864.0403","1569444.6380","6030959.4859"
"TKBG00JPN","36.0675","140.1312","69.5000","-3961600.1309","3308742.2256","3734249.1349"
"TLSE00FRA","43.5607","1.4809","207.6000","4627704.4564","119633.8367","4372853.2312"
"TLSG00FRA","43.5497","1.4850","209.2000","4628535.4751","119992.1420","4371969.7892"
"TNML00TWN","24.7979","120.9873","76.3000","-2982743.5285","4966605.6322","2658773.4155"
"TOAY00LAO","16.0734","106.6268","367.4000","-1754123.6119","5874061.9175","1754540.7890"
"TONG00TON","-20.8553","184.8208","56.7000","-5941695.6973","-501108.0880","-2256429.2924"
"TOPL00BRA","-9.8289","311.6693","256.9000","4178550.1803","-4694958.8349","-1081611.8919"
"TORP00USA","33.7978","241.6694","-4.8000","-2517896.9705","-4670262.9070","3527831.1541"
"TOW200AUS","-18.7307","147.0557","88.5000","-5070802.2312","3286014.0685","-2035144.6663"
"TRAK00USA","33.6179","242.1966","116.0000","-2479985.7623","-4703026.2072","3511236.6344"
"TRO100NOR","69.6627","18.9396","138.4000","2102883.5791","721603.7336","5958069.1838"
"TSK200JPN","36.1056","140.0871","70.4000","-3957140.9023","3310196.1510","3737664.0925"
"TSKB00JPN","36.1057","140.0875","67.7000","-3957157.7680","3310164.6064","3737674.0257"
"TUBI00TUR","40.7867","29.4507","222.3000","4211175.5090","2377784.1913","4144521.6253"
"TUVA00TUV","-7.4747","179.1966","38.8000","-6323674.9606","88681.1316","-824216.3042"
"TWTF00TWN","24.9536","121.1645","203.5000","-2994332.3634","4951156.4468","2674415.1138"
"UCAL00CAN","51.0800","245.8661","1119.2000","-1641663.5664","-3664173.6683","4939153.9319"
"UCLP00USA","34.0691","241.5581","112.0000","-2518964.8346","-4650592.7485","3552800.4692"
"UCLU00CAN","48.9256","234.4584","10.5000","-2440665.1392","-3416431.7924","4785129.4569"
"UFPR00BRA","-24.5516","310.7691","926.2000","3790629.3859","-4396284.3815","-2633987.9413"
"ULAB00MNG","47.8651","107.0523","1576.1000","-1257104.8699","4098412.2703","4706843.7279"
"ULDI00ZAF","-27.7069","31.4209","608.4000","4822259.4374","2945936.6309","-2947791.6633"
"UNB300CAN","45.9502","293.3583","23.3000","1761282.2871","-4078222.9706","4561402.6530"
"UNBD00CAN","45.9501","293.3585","23.5000","1761299.6476","-4078225.1445","4561394.0688"
"UNBJ00CAN","45.9502","293.3583","23.2000","1761282.2866","-4078222.9695","4561402.6518"
"UNBN00CAN","45.9502","293.3583","23.3000","1761282.2871","-4078222.9706","4561402.6530"
"UNSA00ARG","-23.2726","294.5924","1258.2000","2439639.2179","-5330511.7385","-2504484.7391"
"URAL00RUS","56.8383","60.6149","278.1000","1715940.5077","3047151.5346","5316074.3667"
"URUM00CHN","43.8079","87.6007","859.4000","193005.1021","4606243.2412","4392726.9100"
"USCL00CHL","-32.5501","289.3187","570.6000","1780314.7285","-5078476.1882","-3412016.6332"
"USN700USA","38.9206","282.9337","59.3000","1112152.1234","-4842811.5165","3985459.7699"
"USN800USA","38.9206","282.9337","59.3000","1112152.1234","-4842811.5165","3985459.7699"
"USN900USA","38.9206","282.9337","59.3000","1112152.1234","-4842811.5165","3985459.7699"
"USP100FJI","-17.8509","178.4464","71.0000","-6070755.6788","164655.6612","-1942685.3444"
"USUD00JPN","36.1331","138.3621","1509.0000","-3854369.0012","3426636.2966","3740146.3083"
"UTQI00USA","71.3227","203.3850","12.6000","-1880397.0674","-813134.9841","6019910.1175"
"UZHL00UKR","48.6320","22.2976","232.5000","3907448.7168","1602371.1928","4763612.2587"
"VACS00MUS","-19.7029","57.4970","420.7000","3227827.6996","5066094.6220","-2136765.7598"
"VALD00CAN","48.0971","282.4358","313.2000","919031.6114","-4167565.9603","4724094.6623"
"VILL00ESP","40.4436","356.0480","647.8000","4849351.5549","-335015.1219","4115601.4774"
"VIS000SWE","57.6539","18.3673","80.2000","3246431.4458","1077886.9001","5365211.3015"
"VNDP00USA","34.5563","239.3836","-11.1000","-2678094.6769","-4525445.9227","3597437.6393"
"VOIM00MDG","-20.0937","46.7933","1163.8000","4102524.0336","4367717.3445","-2177447.7483"
"WAB200CHE","46.9237","7.4642","611.5000","4326911.5108","566902.3396","4635987.3349"
"WARK00NZL","-35.5656","174.6628","111.7000","-5171664.4336","483149.6957","-3689090.5846"
"WARN00DEU","54.1698","12.1014","51.2000","3658758.3210","784464.4427","5147829.4750"
"WDC500USA","38.9206","282.9337","59.4000","1112149.7759","-4842812.0570","3985459.7710"
"WDC600USA","38.9206","282.9337","59.4000","1112149.7759","-4842812.0570","3985459.7710"
"WES200USA","42.6133","288.5067","85.4000","1492213.2963","-4458031.5356","4295989.2810"
"WGTN00NZL","-40.6766","174.8059","26.5000","-4824188.3560","438535.5989","-4135248.8852"
"WHC100USA","33.9799","241.9688","94.7000","-2488162.9143","-4673419.2759","3544597.8624"
"WHIT00CAN","60.7505","224.7779","1427.8000","-2217852.2981","-2200723.2939","5541833.2207"
"WIDC00USA","33.9347","243.6082","445.5000","-2354688.8298","-4745199.5811","3540448.3046"
"WILL00CAN","52.2369","237.8322","1096.1000","-2083907.0931","-3313315.6584","5019001.5070"
"WIND00NAM","-21.4251","17.0894","1735.1000","5677793.2623","1745572.3346","-2315282.1961"
"WLSN00USA","34.2261","241.9441","1705.7000","-2482990.0109","-4658850.6775","3567228.8599"
"WROC00POL","51.1133","17.0620","180.7000","3835643.5461","1177215.9780","4941468.1173"
"WSRT00NLD","52.9146","6.6045","86.4000","3828687.5226","443298.9936","5064820.2633"
"WTZ300DEU","49.1448","12.8786","663.8000","4075120.1205","931728.2497","4801115.2712"
"WTZA00DEU","49.1442","12.8789","666.4000","4075161.1883","931758.4292","4801074.8887"
"WTZR00DEU","49.1442","12.8789","666.5000","4075163.4672","931758.9502","4801072.8692"
"WTZS00DEU","49.1448","12.8786","663.9000","4075120.1216","931728.2500","4801115.2725"
"WTZZ00DEU","49.1442","12.8789","666.3000","4075161.1872","931758.4289","4801074.8874"
"WUH200CHN","30.5316","114.3572","25.5000","-2267739.6610","5009135.5406","3221276.4514"
"WUHN00CHN","30.5317","114.3572","28.6000","-2267739.0350","5009134.1579","3221279.1314"
"WUTH00NOR","77.0025","15.5386","52.7000","1386480.0881","385511.3418","6192836.9229"
"XMIS00AUS","-9.5500","105.6885","261.9000","-1700949.8693","6055987.6163","-1051202.2227"
"YAKT00RUS","62.0310","129.6803","103.8000","-1914967.8637","2308203.8398","5610136.4761"
"YAR200AUS","-28.9534","115.3470","241.7000","-2391078.6553","5047651.3901","-3069389.1732"
"YAR300AUS","-28.9535","115.3472","242.9000","-2391094.5172","5047640.5982","-3069394.5712"
"YARR00AUS","-28.9534","115.3470","241.8000","-2391079.2940","5047652.7384","-3069386.4800"
"YEBE00ESP","40.5249","356.9114","973.2000","4848000.0443","-261594.1837","4122472.1101"
"YEL200CAN","62.4813","245.5192","181.5000","-1224406.8209","-2689099.0555","5633503.2674"
"YELL00CAN","62.4809","245.5193","181.2000","-1224418.5055","-2689142.0024","5633480.3756"
"YIBL00OMN","22.1865","56.1123","95.5000","3294504.3270","4905020.0814","2393545.7142"
"YKRO00CIV","6.8706","354.7599","270.6000","6306177.6042","-578355.6579","757924.2022"
"YONS00KOR","37.5411","127.0013","97.3000","-3047460.9900","4043921.5249","3865184.0464"
"YSSK00RUS","47.0297","142.7167","91.7000","-3465271.4333","2638231.4727","4644020.9159"
"ZAMB00ZMB","-14.5745","28.3110","1325.3000","5435706.3164","2928172.5747","-1594582.2184"
"ZECK00RUS","43.7884","41.5651","1167.4000","3450556.5744","3059786.1577","4391162.3486"
"ZIM200CHE","46.8771","7.4650","956.9000","4330663.8223","567453.7562","4632447.0130"
"ZIM300CHE","46.8771","7.4650","956.9000","4330663.8223","567453.7562","4632447.0130"
"ZIMM00CHE","46.8771","7.4653","956.8000","4330661.3451","567472.6521","4632447.0117"
"HAFL","46.9913","7.4683","621.3010","4321843.4721","566550.4413","4641558.4691"
"DUVA","48.5224","6.1695","331.4320","4208076.1474","454875.9016","4755798.4683"
"RIVA","45.4101","1.0658","391.5320","4484749.0401","83431.7247","4519737.2950"
"CRO2","45.2718","5.8914","285.4710","4472635.5149","461523.9196","4508857.2750"
"NICE","43.7255","7.3000","427.3109","4579497.1914","586644.8211","4386396.4172"
"GRBS","46.9104","2.7275","247.2470","4360191.0093","207716.1285","4635146.6240"
"HAME","48.2626","4.5271","267.2241","4240879.4146","335779.1585","4736564.1526"
"STME","48.8447","2.4242","116.9610","4201763.4174","177884.0679","4779301.8338"
"TOUR","47.1785","5.9237","350.1080","4320201.4670","448258.4266","4655529.8131"
"SIGE","43.4933","5.3336","214.7010","4614492.1260","430801.6464","4367572.1530"
"DMZ0","43.9379","4.6647","192.1060","4585163.7220","374123.9225","4403262.5129"
"WLBH","48.4152","7.3513","818.1190","4206975.5269","542755.1158","4748253.7406"
"ENFP","43.5963","1.3784","218.0500","4625338.9878","111297.7913","4375867.9330"
"MTVA","43.8640","1.6008","255.4930","4604349.4311","128672.8260","4397383.7707"
"WL36","47.2151","1.6083","136.6090","4338554.9643","121819.1974","4658137.2821"
"KIKI","43.7621","6.7586","1382.1850","4582727.3436","543096.0747","4389996.1234"
"RICE","48.7815","2.4300","87.0480","4207010.5824","178534.5289","4774650.6810"
"GPTR","48.4076","2.9475","174.6880","4236434.3332","218131.4393","4747212.3825"
"ENSM","47.2516","5.9932","357.3790","4313726.9643","452872.5041","4661056.3483"
"STJ9","48.6217","7.6838","237.2360","4186324.3820","564809.0646","4763029.1991"
"BORD","43.6676","1.3185","205.0610","4619979.6182","106338.3708","4381591.5864"
"CABA","43.9073","2.8393","447.9791","4597299.7775","228005.0872","4400984.9823"
"UCBL","45.7813","4.8701","249.3490","4439861.5920","378296.8218","4548505.8582"
"CDA1","48.4501","1.5132","205.7240","4237052.4211","111929.9669","4750372.1396"
"BEFF","45.7666","4.8796","280.8580","4440988.5193","379133.9034","4547387.6709"
"SCV1","44.9202","6.5496","2328.5350","4495974.4104","516190.9321","4482713.7719"
"PDA1","45.2626","4.8282","214.7170","4481103.4952","378511.5320","4508087.1626"
"LAUR","48.7009","2.5708","147.7670","4213334.6638","189173.1775","4768781.7903"
"AP36","46.7105","1.5575","205.5950","4379688.7849","119080.8866","4619909.0740"
"OFFN","48.6312","7.6171","216.6290","4186179.8194","559826.8163","4763712.1549"
"BIO0","48.0228","7.5629","249.0480","4236818.9351","562522.0728","4718758.5606"
"PROS","44.9750","3.9595","817.2170","4509344.2329","312121.9596","4485960.7853"
"UEAU","43.5277","1.5003","207.5069","4630332.5359","121274.9154","4370340.0600"
"STLY","43.4987","1.2453","236.3680","4633069.7787","100715.6490","4368018.4864"
"LAWI","48.4206","7.6086","212.6420","4203646.0821","561529.5626","4748204.7478"
"IUTC","46.7764","4.8571","237.2160","4360285.6198","370523.0708","4624946.0760"
"MAGC","45.7911","2.8850","861.9130","4449946.0850","224257.7695","4549706.3486"
"FORC","43.9601","5.7806","616.3741","4575610.5015","463209.0055","4405330.8806"
"ENSG","48.8411","2.5873","160.4420","4201576.3238","189861.1118","4779065.2530"
"MANT","43.4163","1.3732","237.2870","4639131.8599","111203.8781","4361370.9782"
